Unique.ID,Transect distance,Run distance,direction,DateTimeStart,Duration,Decection,s1,s2,s3,s4,velocity,distance1,distance2,distance3,distance4,name,value
RM-8-8,3,20,1,2022-10-25T12:31:27Z,9,1,6,NA,NA,NA,2.2222222222222223,13.333333333333334,NA,NA,NA,D1,2022-10-25T12:31:33Z
RM-8-8,3,20,2,2022-10-25T12:32:00Z,10,1,5,NA,NA,NA,2,10,NA,NA,NA,D1,2022-10-25T12:32:05Z
RM-8-8,3,20,1,2022-10-25T12:32:25Z,11,1,5,NA,NA,NA,1.8181818181818181,9.09090909090909,NA,NA,NA,D1,2022-10-25T12:32:30Z
RM-8-8,3,20,1,2022-10-25T12:33:06Z,11,1,6,NA,NA,NA,1.8181818181818181,10.909090909090908,NA,NA,NA,D1,2022-10-25T12:33:12Z
RM-8-8,3,20,2,2022-10-25T12:33:27Z,10,1,6,NA,NA,NA,2,8,NA,NA,NA,D1,2022-10-25T12:33:33Z
RM-8-8,5,20,1,2022-10-25T12:33:56Z,11,1,6,NA,NA,NA,1.8181818181818181,10.909090909090908,NA,NA,NA,D1,2022-10-25T12:34:02Z
RM-8-8,5,20,2,2022-10-25T12:34:18Z,11,1,5,NA,NA,NA,1.8181818181818181,10.90909090909091,NA,NA,NA,D1,2022-10-25T12:34:23Z
RM-8-8,5,20,1,2022-10-25T12:34:36Z,11,1,5,NA,NA,NA,1.8181818181818181,9.09090909090909,NA,NA,NA,D1,2022-10-25T12:34:41Z
RM-8-8,5,20,2,2022-10-25T12:34:55Z,11,1,8,NA,NA,NA,1.8181818181818181,5.454545454545455,NA,NA,NA,D1,2022-10-25T12:35:03Z
RM-8-8,5,20,1,2022-10-25T12:35:18Z,12,1,5,NA,NA,NA,1.6666666666666667,8.333333333333334,NA,NA,NA,D1,2022-10-25T12:35:23Z
RM-8-8,5,20,1,2022-10-25T12:35:40Z,11,1,8,NA,NA,NA,1.8181818181818181,14.545454545454545,NA,NA,NA,D1,2022-10-25T12:35:48Z
RM-8-8,10,20,2,2022-10-25T12:37:07Z,13,1,5,8,10,NA,1.5384615384615385,12.307692307692307,7.692307692307692,4.615384615384615,NA,D1,2022-10-25T12:37:12Z
RM-8-8,10,20,2,2022-10-25T12:37:07Z,13,1,5,8,10,NA,1.5384615384615385,12.307692307692307,7.692307692307692,4.615384615384615,NA,D2,2022-10-25T12:37:15Z
RM-8-8,10,20,2,2022-10-25T12:37:07Z,13,1,5,8,10,NA,1.5384615384615385,12.307692307692307,7.692307692307692,4.615384615384615,NA,D3,2022-10-25T12:37:17Z
RM-8-8,10,20,1,2022-10-25T12:37:36Z,13,1,4,NA,NA,NA,1.5384615384615385,6.153846153846154,NA,NA,NA,D1,2022-10-25T12:37:40Z
RM-8-8,10,20,2,2022-10-25T12:38:03Z,14,1,5,7,NA,NA,1.4285714285714286,12.857142857142858,10,NA,NA,D1,2022-10-25T12:38:08Z
RM-8-8,10,20,2,2022-10-25T12:38:03Z,14,1,5,7,NA,NA,1.4285714285714286,12.857142857142858,10,NA,NA,D2,2022-10-25T12:38:10Z
RM-8-8,10,20,1,2022-10-25T12:38:26Z,13,1,5,NA,NA,NA,1.5384615384615385,7.6923076923076925,NA,NA,NA,D1,2022-10-25T12:38:31Z
RM-8-8,10,20,2,2022-10-25T12:38:51Z,13,1,6,8,10,NA,1.5384615384615385,10.769230769230768,7.692307692307692,4.615384615384615,NA,D1,2022-10-25T12:38:57Z
RM-8-8,10,20,2,2022-10-25T12:38:51Z,13,1,6,8,10,NA,1.5384615384615385,10.769230769230768,7.692307692307692,4.615384615384615,NA,D2,2022-10-25T12:38:59Z
RM-8-8,10,20,2,2022-10-25T12:38:51Z,13,1,6,8,10,NA,1.5384615384615385,10.769230769230768,7.692307692307692,4.615384615384615,NA,D3,2022-10-25T12:39:01Z
RM-8-8,12,20,1,2022-10-25T12:39:26Z,13,1,5,9,NA,NA,1.5384615384615385,7.6923076923076925,13.846153846153847,NA,NA,D1,2022-10-25T12:39:31Z
RM-8-8,12,20,1,2022-10-25T12:39:26Z,13,1,5,9,NA,NA,1.5384615384615385,7.6923076923076925,13.846153846153847,NA,NA,D2,2022-10-25T12:39:35Z
RM-8-8,12,20,2,2022-10-25T12:39:53Z,12,1,4,NA,NA,NA,1.6666666666666667,13.333333333333332,NA,NA,NA,D1,2022-10-25T12:39:57Z
RM-8-8,12,20,2,2022-10-25T12:40:39Z,13,1,7,9,NA,NA,1.5384615384615385,9.23076923076923,6.153846153846153,NA,NA,D1,2022-10-25T12:40:46Z
RM-8-8,12,20,2,2022-10-25T12:40:39Z,13,1,7,9,NA,NA,1.5384615384615385,9.23076923076923,6.153846153846153,NA,NA,D2,2022-10-25T12:40:48Z
RM-8-8,12,20,2,2022-10-25T12:41:24Z,12,1,7,NA,NA,NA,1.6666666666666667,8.333333333333332,NA,NA,NA,D1,2022-10-25T12:41:31Z
RM-8-8,15,20,1,2022-10-25T12:42:38Z,11,1,4,6,8,NA,1.8181818181818181,7.2727272727272725,10.909090909090908,14.545454545454545,NA,D1,2022-10-25T12:42:42Z
RM-8-8,15,20,1,2022-10-25T12:42:38Z,11,1,4,6,8,NA,1.8181818181818181,7.2727272727272725,10.909090909090908,14.545454545454545,NA,D2,2022-10-25T12:42:44Z
RM-8-8,15,20,1,2022-10-25T12:42:38Z,11,1,4,6,8,NA,1.8181818181818181,7.2727272727272725,10.909090909090908,14.545454545454545,NA,D3,2022-10-25T12:42:46Z
RM-8-8,15,20,2,2022-10-25T12:43:05Z,12,1,3,NA,NA,NA,1.6666666666666667,15,NA,NA,NA,D1,2022-10-25T12:43:08Z
RM-8-8,15,20,1,2022-10-25T12:43:26Z,12,1,4,NA,NA,NA,1.6666666666666667,6.666666666666667,NA,NA,NA,D1,2022-10-25T12:43:30Z
RM-8-8,20,20,1,2022-10-25T12:44:32Z,13,1,5,NA,NA,NA,1.5384615384615385,7.6923076923076925,NA,NA,NA,D1,2022-10-25T12:44:37Z
RM-8-8,20,20,1,2022-10-25T14:46:20Z,13,1,5,8,NA,NA,1.5384615384615385,7.6923076923076925,12.307692307692308,NA,NA,D1,2022-10-25T14:46:25Z
RM-8-8,20,20,1,2022-10-25T14:46:20Z,13,1,5,8,NA,NA,1.5384615384615385,7.6923076923076925,12.307692307692308,NA,NA,D2,2022-10-25T14:46:28Z
RM-8-8,20,20,2,2022-10-25T12:46:45Z,13,1,8,NA,NA,NA,1.5384615384615385,7.692307692307692,NA,NA,NA,D1,2022-10-25T12:46:53Z
RM-8-1,3,15,1,2022-10-25T13:42:55Z,8,1,6,NA,NA,NA,1.875,11.25,NA,NA,NA,D1,2022-10-25T13:43:01Z
RM-8-1,3,15,1,2022-10-25T13:43:35Z,8,1,6,NA,NA,NA,1.875,11.25,NA,NA,NA,D1,2022-10-25T13:43:41Z
RM-8-1,3,15,2,2022-10-25T13:43:56Z,8,1,3,NA,NA,NA,1.875,14.375,NA,NA,NA,D1,2022-10-25T13:43:59Z
RM-8-1,3,15,1,2022-10-25T13:44:11Z,9,1,5,NA,NA,NA,1.6666666666666667,8.333333333333334,NA,NA,NA,D1,2022-10-25T13:44:16Z
RM-8-1,3,15,2,2022-10-25T13:44:30Z,8,1,3,NA,NA,NA,1.875,14.375,NA,NA,NA,D1,2022-10-25T13:44:33Z
RM-30-1,3,20,1,2022-10-26T12:49:56Z,10,1,6,NA,NA,NA,2,12,NA,NA,NA,D1,2022-10-26T12:50:02Z
RM-30-1,3,20,2,2022-10-26T12:50:14Z,10,1,6,NA,NA,NA,2,8,NA,NA,NA,D1,2022-10-26T12:50:20Z
RM-30-1,3,20,1,2022-10-26T12:50:35Z,10,1,6,NA,NA,NA,2,12,NA,NA,NA,D1,2022-10-26T12:50:41Z
RM-30-1,3,20,1,2022-10-26T12:51:12Z,11,1,6,NA,NA,NA,1.8181818181818181,10.909090909090908,NA,NA,NA,D1,2022-10-26T12:51:18Z
RM-30-1,3,20,2,2022-10-26T12:51:31Z,10,1,5,NA,NA,NA,2,10,NA,NA,NA,D1,2022-10-26T12:51:36Z
RM-30-1,5,20,1,2022-10-26T12:51:52Z,13,1,7,NA,NA,NA,1.5384615384615385,10.76923076923077,NA,NA,NA,D1,2022-10-26T12:51:59Z
RM-30-1,5,20,2,2022-10-26T12:52:32Z,11,1,7,NA,NA,NA,1.8181818181818181,7.272727272727273,NA,NA,NA,D1,2022-10-26T12:52:39Z
RM-30-1,5,20,1,2022-10-26T12:52:52Z,11,1,8,NA,NA,NA,1.8181818181818181,14.545454545454545,NA,NA,NA,D1,2022-10-26T12:53:00Z
RM-30-1,5,20,2,2022-10-26T12:53:14Z,11,1,6,NA,NA,NA,1.8181818181818181,9.090909090909092,NA,NA,NA,D1,2022-10-26T12:53:20Z
RM-30-1,5,20,1,2022-10-26T12:53:36Z,11,1,6,NA,NA,NA,1.8181818181818181,10.909090909090908,NA,NA,NA,D1,2022-10-26T12:53:42Z
RM-30-1,5,20,2,2022-10-26T12:53:54Z,11,1,8,NA,NA,NA,1.8181818181818181,5.454545454545455,NA,NA,NA,D1,2022-10-26T12:54:02Z
RM-30-1,10,20,1,2022-10-26T12:54:29Z,12,1,4,6,NA,NA,1.6666666666666667,6.666666666666667,10,NA,NA,D1,2022-10-26T12:54:33Z
RM-30-1,10,20,1,2022-10-26T12:54:29Z,12,1,4,6,NA,NA,1.6666666666666667,6.666666666666667,10,NA,NA,D2,2022-10-26T12:54:35Z
RM-30-1,10,20,2,2022-10-26T12:54:50Z,12,1,6,8,NA,NA,1.6666666666666667,10,6.666666666666666,NA,NA,D1,2022-10-26T12:54:56Z
RM-30-1,10,20,2,2022-10-26T12:54:50Z,12,1,6,8,NA,NA,1.6666666666666667,10,6.666666666666666,NA,NA,D2,2022-10-26T12:54:58Z
RM-30-1,10,20,1,2022-10-26T12:55:13Z,12,1,5,8,NA,NA,1.6666666666666667,8.333333333333334,13.333333333333334,NA,NA,D1,2022-10-26T12:55:18Z
RM-30-1,10,20,1,2022-10-26T12:55:13Z,12,1,5,8,NA,NA,1.6666666666666667,8.333333333333334,13.333333333333334,NA,NA,D2,2022-10-26T12:55:21Z
RM-30-1,10,20,2,2022-10-26T12:51:36Z,12,1,5,8,NA,NA,1.6666666666666667,11.666666666666666,6.666666666666666,NA,NA,D1,2022-10-26T12:51:41Z
RM-30-1,10,20,2,2022-10-26T12:51:36Z,12,1,5,8,NA,NA,1.6666666666666667,11.666666666666666,6.666666666666666,NA,NA,D2,2022-10-26T12:51:44Z
RM-30-1,10,20,1,2022-10-26T12:56:03Z,12,1,6,8,NA,NA,1.6666666666666667,10,13.333333333333334,NA,NA,D1,2022-10-26T12:56:09Z
RM-30-1,10,20,1,2022-10-26T12:56:03Z,12,1,6,8,NA,NA,1.6666666666666667,10,13.333333333333334,NA,NA,D2,2022-10-26T12:56:11Z
RM-30-1,10,20,2,2022-10-26T12:56:26Z,12,1,6,8,NA,NA,1.6666666666666667,10,6.666666666666666,NA,NA,D1,2022-10-26T12:56:32Z
RM-30-1,10,20,2,2022-10-26T12:56:26Z,12,1,6,8,NA,NA,1.6666666666666667,10,6.666666666666666,NA,NA,D2,2022-10-26T12:56:34Z
RM-30-1,12,20,1,2022-10-26T12:56:56Z,13,1,7,10,NA,NA,1.5384615384615385,10.76923076923077,15.384615384615385,NA,NA,D1,2022-10-26T12:57:03Z
RM-30-1,12,20,1,2022-10-26T12:56:56Z,13,1,7,10,NA,NA,1.5384615384615385,10.76923076923077,15.384615384615385,NA,NA,D2,2022-10-26T12:57:06Z
RM-30-1,12,20,2,2022-10-26T12:57:28Z,11,1,6,9,NA,NA,1.8181818181818181,9.090909090909092,3.6363636363636367,NA,NA,D1,2022-10-26T12:57:34Z
RM-30-1,12,20,2,2022-10-26T12:57:28Z,11,1,6,9,NA,NA,1.8181818181818181,9.090909090909092,3.6363636363636367,NA,NA,D2,2022-10-26T12:57:37Z
RM-30-1,12,20,1,2022-10-26T12:57:46Z,12,1,7,10,NA,NA,1.6666666666666667,11.666666666666668,16.666666666666668,NA,NA,D1,2022-10-26T12:57:53Z
RM-30-1,12,20,1,2022-10-26T12:57:46Z,12,1,7,10,NA,NA,1.6666666666666667,11.666666666666668,16.666666666666668,NA,NA,D2,2022-10-26T12:57:56Z
RM-30-1,12,20,2,2022-10-26T12:58:10Z,12,1,8,10,12,NA,1.6666666666666667,6.666666666666666,3.333333333333332,0,NA,D1,2022-10-26T12:58:18Z
RM-30-1,12,20,2,2022-10-26T12:58:10Z,12,1,8,10,12,NA,1.6666666666666667,6.666666666666666,3.333333333333332,0,NA,D2,2022-10-26T12:58:20Z
RM-30-1,12,20,2,2022-10-26T12:58:10Z,12,1,8,10,12,NA,1.6666666666666667,6.666666666666666,3.333333333333332,0,NA,D3,2022-10-26T12:58:22Z
RM-30-1,12,20,1,2022-10-26T12:58:29Z,12,1,9,12,NA,NA,1.6666666666666667,15,20,NA,NA,D1,2022-10-26T12:58:38Z
RM-30-1,12,20,1,2022-10-26T12:58:29Z,12,1,9,12,NA,NA,1.6666666666666667,15,20,NA,NA,D2,2022-10-26T12:58:41Z
RM-30-1,12,20,2,2022-10-26T12:58:58Z,12,1,7,9,11,NA,1.6666666666666667,8.333333333333332,5,1.6666666666666643,NA,D1,2022-10-26T12:59:05Z
RM-30-1,12,20,2,2022-10-26T12:58:58Z,12,1,7,9,11,NA,1.6666666666666667,8.333333333333332,5,1.6666666666666643,NA,D2,2022-10-26T12:59:07Z
RM-30-1,12,20,2,2022-10-26T12:58:58Z,12,1,7,9,11,NA,1.6666666666666667,8.333333333333332,5,1.6666666666666643,NA,D3,2022-10-26T12:59:09Z
RM-30-1,15,20,1,2022-10-26T12:59:27Z,12,1,5,8,NA,NA,1.6666666666666667,8.333333333333334,13.333333333333334,NA,NA,D1,2022-10-26T12:59:32Z
RM-30-1,15,20,1,2022-10-26T12:59:27Z,12,1,5,8,NA,NA,1.6666666666666667,8.333333333333334,13.333333333333334,NA,NA,D2,2022-10-26T12:59:35Z
RM-30-1,15,20,1,2022-10-26T13:00:10Z,11,1,6,8,NA,NA,1.8181818181818181,10.909090909090908,14.545454545454545,NA,NA,D1,2022-10-26T13:00:16Z
RM-30-1,15,20,1,2022-10-26T13:00:10Z,11,1,6,8,NA,NA,1.8181818181818181,10.909090909090908,14.545454545454545,NA,NA,D2,2022-10-26T13:00:18Z
RM-30-1,15,20,2,2022-10-26T13:00:30Z,11,1,9,NA,NA,NA,1.8181818181818181,3.6363636363636367,NA,NA,NA,D1,2022-10-26T13:00:39Z
RM-30-1,15,20,1,2022-10-26T13:00:52Z,12,1,6,8,10,NA,1.6666666666666667,10,13.333333333333334,16.666666666666668,NA,D1,2022-10-26T13:00:58Z
RM-30-1,15,20,1,2022-10-26T13:00:52Z,12,1,6,8,10,NA,1.6666666666666667,10,13.333333333333334,16.666666666666668,NA,D2,2022-10-26T13:01:00Z
RM-30-1,15,20,1,2022-10-26T13:00:52Z,12,1,6,8,10,NA,1.6666666666666667,10,13.333333333333334,16.666666666666668,NA,D3,2022-10-26T13:01:02Z
RM-30-1,15,20,2,2022-10-26T13:01:15Z,11,1,7,9,NA,NA,1.8181818181818181,7.272727272727273,3.6363636363636367,NA,NA,D1,2022-10-26T13:01:22Z
RM-30-1,15,20,2,2022-10-26T13:01:15Z,11,1,7,9,NA,NA,1.8181818181818181,7.272727272727273,3.6363636363636367,NA,NA,D2,2022-10-26T13:01:24Z
RM-30-9,3,20,1,2022-10-26T12:44:44Z,9,1,6,NA,NA,NA,2.2222222222222223,13.333333333333334,NA,NA,NA,D1,2022-10-26T12:44:50Z
RM-30-9,3,20,2,2022-10-26T12:45:01Z,11,1,9,NA,NA,NA,1.8181818181818181,3.6363636363636367,NA,NA,NA,D1,2022-10-26T12:45:10Z
RM-30-9,3,20,1,2022-10-26T12:45:22Z,10,1,7,NA,NA,NA,2,14,NA,NA,NA,D1,2022-10-26T12:45:29Z
RM-30-9,3,20,2,2022-10-26T12:45:41Z,11,1,8,NA,NA,NA,1.8181818181818181,5.454545454545455,NA,NA,NA,D1,2022-10-26T12:45:49Z
RM-30-9,3,20,1,2022-10-26T12:46:01Z,10,1,8,NA,NA,NA,2,16,NA,NA,NA,D1,2022-10-26T12:46:09Z
RM-30-9,3,20,2,2022-10-26T12:46:21Z,11,1,9,NA,NA,NA,1.8181818181818181,3.6363636363636367,NA,NA,NA,D1,2022-10-26T12:46:30Z
RM-30-9,5,20,1,2022-10-26T12:46:44Z,10,1,7,NA,NA,NA,2,14,NA,NA,NA,D1,2022-10-26T12:46:51Z
RM-30-9,5,20,2,2022-10-26T12:47:35Z,10,1,6,NA,NA,NA,2,8,NA,NA,NA,D1,2022-10-26T12:47:41Z
RM-30-9,5,20,1,2022-10-26T12:47:56Z,11,1,8,NA,NA,NA,1.8181818181818181,14.545454545454545,NA,NA,NA,D1,2022-10-26T12:48:04Z
RM-30-9,5,20,2,2022-10-26T12:48:16Z,10,1,8,NA,NA,NA,2,4,NA,NA,NA,D1,2022-10-26T12:48:24Z
RM-30-9,5,20,1,2022-10-26T12:48:37Z,11,1,8,NA,NA,NA,1.8181818181818181,14.545454545454545,NA,NA,NA,D1,2022-10-26T12:48:45Z
RM-30-9,5,20,2,2022-10-26T12:48:57Z,11,1,8,NA,NA,NA,1.8181818181818181,5.454545454545455,NA,NA,NA,D1,2022-10-26T12:49:05Z
RM-30-9,10,20,1,2022-10-26T12:49:47Z,11,1,9,NA,NA,NA,1.8181818181818181,16.363636363636363,NA,NA,NA,D1,2022-10-26T12:49:56Z
RM-30-9,10,20,2,2022-10-26T12:50:09Z,12,1,7,NA,NA,NA,1.6666666666666667,8.333333333333332,NA,NA,NA,D1,2022-10-26T12:50:16Z
RM-30-9,10,20,1,2022-10-26T12:50:35Z,12,1,8,NA,NA,NA,1.6666666666666667,13.333333333333334,NA,NA,NA,D1,2022-10-26T12:50:43Z
RM-30-9,10,20,2,2022-10-26T12:50:56Z,11,1,7,NA,NA,NA,1.8181818181818181,7.272727272727273,NA,NA,NA,D1,2022-10-26T12:51:03Z
RM-30-9,10,20,1,2022-10-26T12:51:18Z,11,1,9,NA,NA,NA,1.8181818181818181,16.363636363636363,NA,NA,NA,D1,2022-10-26T12:51:27Z
RM-30-9,10,20,2,2022-10-26T12:51:39Z,10,1,7,NA,NA,NA,2,6,NA,NA,NA,D1,2022-10-26T12:51:46Z
RM-30-9,12,20,1,2022-10-26T12:52:11Z,11,1,8,NA,NA,NA,1.8181818181818181,14.545454545454545,NA,NA,NA,D1,2022-10-26T12:52:19Z
RM-30-9,12,20,2,2022-10-26T12:52:31Z,11,1,9,NA,NA,NA,1.8181818181818181,3.6363636363636367,NA,NA,NA,D1,2022-10-26T12:52:40Z
RM-30-9,12,20,1,2022-10-26T12:52:52Z,12,1,11,NA,NA,NA,1.6666666666666667,18.333333333333336,NA,NA,NA,D1,2022-10-26T12:53:03Z
RM-30-9,12,20,2,2022-10-26T12:53:25Z,11,1,8,NA,NA,NA,1.8181818181818181,5.454545454545455,NA,NA,NA,D1,2022-10-26T12:53:33Z
RM-30-9,12,20,1,2022-10-26T12:53:39Z,11,1,10,NA,NA,NA,1.8181818181818181,18.18181818181818,NA,NA,NA,D1,2022-10-26T12:53:49Z
RM-30-9,12,20,2,2022-10-26T12:54:01Z,11,1,8,NA,NA,NA,1.8181818181818181,5.454545454545455,NA,NA,NA,D1,2022-10-26T12:54:09Z
RM-30-9,15,20,1,2022-10-26T12:54:36Z,11,1,9,NA,NA,NA,1.8181818181818181,16.363636363636363,NA,NA,NA,D1,2022-10-26T12:54:45Z
RM-30-9,15,20,2,2022-10-26T12:54:55Z,11,1,8,NA,NA,NA,1.8181818181818181,5.454545454545455,NA,NA,NA,D1,2022-10-26T12:55:03Z
RM-30-9,15,20,1,2022-10-26T12:55:17Z,11,1,10,NA,NA,NA,1.8181818181818181,18.18181818181818,NA,NA,NA,D1,2022-10-26T12:55:27Z
RM-30-9,15,20,2,2022-10-26T12:55:37Z,11,1,8,NA,NA,NA,1.8181818181818181,5.454545454545455,NA,NA,NA,D1,2022-10-26T12:55:45Z
RM-30-9,15,20,1,2022-10-26T12:56:04Z,11,1,9,NA,NA,NA,1.8181818181818181,16.363636363636363,NA,NA,NA,D1,2022-10-26T12:56:13Z
RM-30-9,15,20,2,2022-10-26T12:56:24Z,11,1,8,NA,NA,NA,1.8181818181818181,5.454545454545455,NA,NA,NA,D1,2022-10-26T12:56:32Z
RM-30-8,3,10,1,2022-10-26T14:35:07Z,6,1,2,NA,NA,NA,1.6666666666666667,3.3333333333333335,NA,NA,NA,D1,2022-10-26T14:35:09Z
RM-30-8,3,10,2,2022-10-26T14:35:09Z,6,1,2,NA,NA,NA,1.6666666666666667,16.666666666666668,NA,NA,NA,D1,2022-10-26T14:35:11Z
RM-30-8,3,10,1,2022-10-26T14:35:30Z,6,1,6,NA,NA,NA,1.6666666666666667,10,NA,NA,NA,D1,2022-10-26T14:35:36Z
RM-30-8,3,10,2,2022-10-26T14:35:36Z,6,1,3,NA,NA,NA,1.6666666666666667,15,NA,NA,NA,D1,2022-10-26T14:35:39Z
RM-30-8,3,10,1,2022-10-26T14:35:57Z,6,1,4,NA,NA,NA,1.6666666666666667,6.666666666666667,NA,NA,NA,D1,2022-10-26T14:36:01Z
RM-30-8,5,10,1,2022-10-26T12:37:56Z,5,1,5,NA,NA,NA,2,10,NA,NA,NA,D1,2022-10-26T12:38:01Z
RM-30-8,5,10,2,2022-10-26T12:38:02Z,5,1,1,NA,NA,NA,2,18,NA,NA,NA,D1,2022-10-26T12:38:03Z
RM-30-8,5,10,2,2022-10-26T14:38:22Z,5,1,1,NA,NA,NA,2,18,NA,NA,NA,D1,2022-10-26T14:38:23Z
RM-30-8,5,10,1,2022-10-26T14:38:39Z,5,1,4,NA,NA,NA,2,8,NA,NA,NA,D1,2022-10-26T14:38:43Z
RM-30-8,5,10,2,2022-10-26T14:38:44Z,5,1,2,NA,NA,NA,2,16,NA,NA,NA,D1,2022-10-26T14:38:46Z
RM-30-8,10,20,1,2022-10-26T14:40:14Z,9,1,6,NA,NA,NA,2.2222222222222223,13.333333333333334,NA,NA,NA,D1,2022-10-26T14:40:20Z
RM-30-8,10,20,2,2022-10-26T14:40:35Z,9,1,7,NA,NA,NA,2.2222222222222223,4.444444444444443,NA,NA,NA,D1,2022-10-26T14:40:42Z
RM-30-8,10,20,1,2022-10-26T14:40:55Z,9,1,6,NA,NA,NA,2.2222222222222223,13.333333333333334,NA,NA,NA,D1,2022-10-26T14:41:01Z
RM-30-8,10,20,2,2022-10-26T14:41:55Z,9,1,4,NA,NA,NA,2.2222222222222223,11.11111111111111,NA,NA,NA,D1,2022-10-26T14:41:59Z
RM-30-8,10,20,1,2022-10-26T14:42:25Z,9,1,2,4,NA,NA,2.2222222222222223,4.444444444444445,8.88888888888889,NA,NA,D1,2022-10-26T14:42:27Z
RM-30-8,10,20,1,2022-10-26T14:42:25Z,9,1,2,4,NA,NA,2.2222222222222223,4.444444444444445,8.88888888888889,NA,NA,D2,2022-10-26T14:42:29Z
RM-30-8,10,20,2,2022-10-26T14:42:45Z,9,1,4,NA,NA,NA,2.2222222222222223,11.11111111111111,NA,NA,NA,D1,2022-10-26T14:42:49Z
RM-30-8,12,20,1,2022-10-26T14:43:04Z,10,1,4,6,NA,NA,2,8,12,NA,NA,D1,2022-10-26T14:43:08Z
RM-30-8,12,20,1,2022-10-26T14:43:04Z,10,1,4,6,NA,NA,2,8,12,NA,NA,D2,2022-10-26T14:43:10Z
RM-30-8,12,20,2,2022-10-26T14:43:27Z,10,1,4,NA,NA,NA,2,12,NA,NA,NA,D1,2022-10-26T14:43:31Z
RM-30-8,12,20,1,2022-10-26T14:43:46Z,10,1,1,6,NA,NA,2,2,12,NA,NA,D1,2022-10-26T14:43:47Z
RM-30-8,12,20,1,2022-10-26T14:43:46Z,10,1,1,6,NA,NA,2,2,12,NA,NA,D2,2022-10-26T14:43:52Z
RM-30-8,12,20,2,2022-10-26T14:44:06Z,10,1,5,9,NA,NA,2,10,2,NA,NA,D1,2022-10-26T14:44:11Z
RM-30-8,12,20,2,2022-10-26T14:44:06Z,10,1,5,9,NA,NA,2,10,2,NA,NA,D2,2022-10-26T14:44:15Z
RM-30-8,12,20,1,2022-10-26T14:44:29Z,10,1,6,8,NA,NA,2,12,16,NA,NA,D1,2022-10-26T14:44:35Z
RM-30-8,12,20,1,2022-10-26T14:44:29Z,10,1,6,8,NA,NA,2,12,16,NA,NA,D2,2022-10-26T14:44:37Z
RM-30-8,12,20,2,2022-10-26T14:44:52Z,10,1,6,8,NA,NA,2,8,4,NA,NA,D1,2022-10-26T14:44:58Z
RM-30-8,12,20,2,2022-10-26T14:44:52Z,10,1,6,8,NA,NA,2,8,4,NA,NA,D2,2022-10-26T14:45:00Z
RM-30-8,15,20,1,2022-10-26T14:45:12Z,10,1,3,6,NA,NA,2,6,12,NA,NA,D1,2022-10-26T14:45:15Z
RM-30-8,15,20,1,2022-10-26T14:45:12Z,10,1,3,6,NA,NA,2,6,12,NA,NA,D2,2022-10-26T14:45:18Z
RM-30-8,15,20,2,2022-10-26T14:45:33Z,10,1,5,8,NA,NA,2,10,4,NA,NA,D1,2022-10-26T14:45:38Z
RM-30-8,15,20,2,2022-10-26T14:45:33Z,10,1,5,8,NA,NA,2,10,4,NA,NA,D2,2022-10-26T14:45:41Z
RM-30-8,15,20,1,2022-10-26T14:45:55Z,11,1,4,6,NA,NA,1.8181818181818181,7.2727272727272725,10.909090909090908,NA,NA,D1,2022-10-26T14:45:59Z
RM-30-8,15,20,1,2022-10-26T14:45:55Z,11,1,4,6,NA,NA,1.8181818181818181,7.2727272727272725,10.909090909090908,NA,NA,D2,2022-10-26T14:46:01Z
RM-30-8,15,20,2,2022-10-26T14:46:22Z,11,1,4,7,NA,NA,1.8181818181818181,12.727272727272727,7.272727272727273,NA,NA,D1,2022-10-26T14:46:26Z
RM-30-8,15,20,2,2022-10-26T14:46:22Z,11,1,4,7,NA,NA,1.8181818181818181,12.727272727272727,7.272727272727273,NA,NA,D2,2022-10-26T14:46:29Z
RM-30-8,15,20,1,2022-10-26T14:46:47Z,11,1,2,5,7,9,1.8181818181818181,3.6363636363636362,9.09090909090909,12.727272727272727,16.363636363636363,D1,2022-10-26T14:46:49Z
RM-30-8,15,20,1,2022-10-26T14:46:47Z,11,1,2,5,7,9,1.8181818181818181,3.6363636363636362,9.09090909090909,12.727272727272727,16.363636363636363,D2,2022-10-26T14:46:52Z
RM-30-8,15,20,1,2022-10-26T14:46:47Z,11,1,2,5,7,9,1.8181818181818181,3.6363636363636362,9.09090909090909,12.727272727272727,16.363636363636363,D3,2022-10-26T14:46:54Z
RM-30-8,15,20,1,2022-10-26T14:46:47Z,11,1,2,5,7,9,1.8181818181818181,3.6363636363636362,9.09090909090909,12.727272727272727,16.363636363636363,D4,2022-10-26T14:46:56Z
RM-30-8,20,20,1,2022-10-26T14:47:32Z,11,1,5,9,NA,NA,1.8181818181818181,9.09090909090909,16.363636363636363,NA,NA,D1,2022-10-26T14:47:37Z
RM-30-8,20,20,1,2022-10-26T14:47:32Z,11,1,5,9,NA,NA,1.8181818181818181,9.09090909090909,16.363636363636363,NA,NA,D2,2022-10-26T14:47:41Z
RM-30-8,20,20,2,2022-10-26T14:47:58Z,12,1,2,4,NA,NA,1.6666666666666667,16.666666666666668,13.333333333333332,NA,NA,D1,2022-10-26T14:48:00Z
RM-30-8,20,20,2,2022-10-26T14:47:58Z,12,1,2,4,NA,NA,1.6666666666666667,16.666666666666668,13.333333333333332,NA,NA,D2,2022-10-26T14:48:02Z
RM-30-8,20,20,1,2022-10-26T14:48:14Z,12,1,5,NA,NA,NA,1.6666666666666667,8.333333333333334,NA,NA,NA,D1,2022-10-26T14:48:19Z
RM-30-8,20,20,2,2022-10-26T14:48:42Z,12,1,4,8,NA,NA,1.6666666666666667,13.333333333333332,6.666666666666666,NA,NA,D1,2022-10-26T14:48:46Z
RM-30-8,20,20,2,2022-10-26T14:48:42Z,12,1,4,8,NA,NA,1.6666666666666667,13.333333333333332,6.666666666666666,NA,NA,D2,2022-10-26T14:48:50Z
RM-4-1,3,20,1,2022-10-27T12:15:14Z,9,1,5,NA,NA,NA,2.2222222222222223,11.11111111111111,NA,NA,NA,D1,2022-10-27T12:15:19Z
RM-4-1,3,20,2,2022-10-27T12:15:34Z,10,1,6,NA,NA,NA,2,8,NA,NA,NA,D1,2022-10-27T12:15:40Z
RM-4-1,5,20,1,2022-10-27T12:17:39Z,11,1,7,NA,NA,NA,1.8181818181818181,12.727272727272727,NA,NA,NA,D1,2022-10-27T12:17:46Z
RM-4-4,3,20,1,2022-10-27T14:46:57Z,10,1,5,NA,NA,NA,2,10,NA,NA,NA,D1,2022-10-27T14:47:02Z
RM-4-4,3,20,1,2022-10-27T14:47:49Z,11,1,8,NA,NA,NA,1.8181818181818181,14.545454545454545,NA,NA,NA,D1,2022-10-27T14:47:57Z
RM-4-4,3,20,2,2022-10-27T14:48:10Z,12,1,7,NA,NA,NA,1.6666666666666667,8.333333333333332,NA,NA,NA,D1,2022-10-27T14:48:17Z
RM-4-4,3,20,1,2022-10-27T14:48:33Z,11,1,6,NA,NA,NA,1.8181818181818181,10.909090909090908,NA,NA,NA,D1,2022-10-27T14:48:39Z
RM-4-4,3,20,2,2022-10-27T14:48:54Z,11,1,5,NA,NA,NA,1.8181818181818181,10.90909090909091,NA,NA,NA,D1,2022-10-27T14:48:59Z
RM-4-4,5,20,1,2022-10-27T14:49:27Z,13,1,7,NA,NA,NA,1.5384615384615385,10.76923076923077,NA,NA,NA,D1,2022-10-27T14:49:34Z
RM-4-4,5,20,2,2022-10-27T14:49:55Z,14,1,7,NA,NA,NA,1.4285714285714286,10,NA,NA,NA,D1,2022-10-27T14:50:02Z
RM-4-4,5,20,1,2022-10-27T14:50:16Z,14,1,5,9,NA,NA,1.4285714285714286,7.142857142857143,12.857142857142858,NA,NA,D1,2022-10-27T14:50:21Z
RM-4-4,5,20,1,2022-10-27T14:50:16Z,14,1,5,9,NA,NA,1.4285714285714286,7.142857142857143,12.857142857142858,NA,NA,D2,2022-10-27T14:50:25Z
RM-4-4,5,20,2,2022-10-27T14:50:45Z,13,1,8,NA,NA,NA,1.5384615384615385,7.692307692307692,NA,NA,NA,D1,2022-10-27T14:50:53Z
RM-4-4,5,20,1,2022-10-27T14:51:09Z,15,1,7,NA,NA,NA,1.3333333333333333,9.333333333333332,NA,NA,NA,D1,2022-10-27T14:51:16Z
RM-4-4,5,20,2,2022-10-27T15:01:35Z,13,1,8,NA,NA,NA,1.5384615384615385,7.692307692307692,NA,NA,NA,D1,2022-10-27T15:01:43Z
RM-4-4,10,20,1,2022-10-27T14:52:03Z,10,1,5,7,NA,NA,2,10,14,NA,NA,D1,2022-10-27T14:52:08Z
RM-4-4,10,20,1,2022-10-27T14:52:03Z,10,1,5,7,NA,NA,2,10,14,NA,NA,D2,2022-10-27T14:52:10Z
RM-4-4,10,20,2,2022-10-27T14:52:21Z,10,1,5,7,NA,NA,2,10,6,NA,NA,D1,2022-10-27T14:52:26Z
RM-4-4,10,20,2,2022-10-27T14:52:21Z,10,1,5,7,NA,NA,2,10,6,NA,NA,D2,2022-10-27T14:52:28Z
RM-4-4,10,20,1,2022-10-27T14:52:43Z,10,1,6,NA,NA,NA,2,12,NA,NA,NA,D1,2022-10-27T14:52:49Z
RM-4-4,10,20,2,2022-10-27T14:53:02Z,10,1,5,7,NA,NA,2,10,6,NA,NA,D1,2022-10-27T14:53:07Z
RM-4-4,10,20,2,2022-10-27T14:53:02Z,10,1,5,7,NA,NA,2,10,6,NA,NA,D2,2022-10-27T14:53:09Z
RM-4-4,10,20,1,2022-10-27T14:53:25Z,10,1,5,NA,NA,NA,2,10,NA,NA,NA,D1,2022-10-27T14:53:30Z
RM-4-4,10,20,2,2022-10-27T14:53:43Z,10,1,5,7,NA,NA,2,10,6,NA,NA,D1,2022-10-27T14:53:48Z
RM-4-4,10,20,2,2022-10-27T14:53:43Z,10,1,5,7,NA,NA,2,10,6,NA,NA,D2,2022-10-27T14:53:50Z
RM-4-4,12,20,1,2022-10-27T14:54:09Z,10,1,5,8,NA,NA,2,10,16,NA,NA,D1,2022-10-27T14:54:14Z
RM-4-4,12,20,1,2022-10-27T14:54:09Z,10,1,5,8,NA,NA,2,10,16,NA,NA,D2,2022-10-27T14:54:17Z
RM-4-4,12,20,2,2022-10-27T14:54:31Z,10,1,3,5,NA,NA,2,14,10,NA,NA,D1,2022-10-27T14:54:34Z
RM-4-4,12,20,2,2022-10-27T14:54:31Z,10,1,3,5,NA,NA,2,14,10,NA,NA,D2,2022-10-27T14:54:36Z
RM-4-4,12,20,1,2022-10-27T14:54:51Z,10,1,5,NA,NA,NA,2,10,NA,NA,NA,D1,2022-10-27T14:54:56Z
RM-4-4,12,20,2,2022-10-27T14:55:07Z,10,1,5,8,NA,NA,2,10,4,NA,NA,D1,2022-10-27T14:55:12Z
RM-4-4,12,20,2,2022-10-27T14:55:07Z,10,1,5,8,NA,NA,2,10,4,NA,NA,D2,2022-10-27T14:55:15Z
RM-4-4,12,20,1,2022-10-27T14:55:31Z,9,1,6,8,NA,NA,2.2222222222222223,13.333333333333334,17.77777777777778,NA,NA,D1,2022-10-27T14:55:37Z
RM-4-4,12,20,1,2022-10-27T14:55:31Z,9,1,6,8,NA,NA,2.2222222222222223,13.333333333333334,17.77777777777778,NA,NA,D2,2022-10-27T14:55:39Z
RM-4-4,12,20,2,2022-10-27T14:55:50Z,10,1,5,7,NA,NA,2,10,6,NA,NA,D1,2022-10-27T14:55:55Z
RM-4-4,12,20,2,2022-10-27T14:55:50Z,10,1,5,7,NA,NA,2,10,6,NA,NA,D2,2022-10-27T14:55:57Z
RM-4-4,15,20,1,2022-10-27T14:56:13Z,10,1,5,7,10,NA,2,10,14,20,NA,D1,2022-10-27T14:56:18Z
RM-4-4,15,20,1,2022-10-27T14:56:13Z,10,1,5,7,10,NA,2,10,14,20,NA,D2,2022-10-27T14:56:20Z
RM-4-4,15,20,1,2022-10-27T14:56:13Z,10,1,5,7,10,NA,2,10,14,20,NA,D3,2022-10-27T14:56:23Z
RM-4-4,15,20,2,2022-10-27T14:56:33Z,10,1,4,8,NA,NA,2,12,4,NA,NA,D1,2022-10-27T14:56:37Z
RM-4-4,15,20,2,2022-10-27T14:56:33Z,10,1,4,8,NA,NA,2,12,4,NA,NA,D2,2022-10-27T14:56:41Z
RM-4-4,15,20,1,2022-10-27T14:56:51Z,10,1,5,7,9,NA,2,10,14,18,NA,D1,2022-10-27T14:56:56Z
RM-4-4,15,20,1,2022-10-27T14:56:51Z,10,1,5,7,9,NA,2,10,14,18,NA,D2,2022-10-27T14:56:58Z
RM-4-4,15,20,1,2022-10-27T14:56:51Z,10,1,5,7,9,NA,2,10,14,18,NA,D3,2022-10-27T14:57:00Z
RM-4-4,15,20,2,2022-10-27T14:57:12Z,10,1,3,5,7,NA,2,14,10,6,NA,D1,2022-10-27T14:57:15Z
RM-4-4,15,20,2,2022-10-27T14:57:12Z,10,1,3,5,7,NA,2,14,10,6,NA,D2,2022-10-27T14:57:17Z
RM-4-4,15,20,2,2022-10-27T14:57:12Z,10,1,3,5,7,NA,2,14,10,6,NA,D3,2022-10-27T14:57:19Z
RM-4-4,15,20,1,2022-10-27T14:57:38Z,10,1,5,8,NA,NA,2,10,16,NA,NA,D1,2022-10-27T14:57:43Z
RM-4-4,15,20,1,2022-10-27T14:57:38Z,10,1,5,8,NA,NA,2,10,16,NA,NA,D2,2022-10-27T14:57:46Z
RM-4-4,15,20,2,2022-10-27T14:57:56Z,10,1,6,9,NA,NA,2,8,2,NA,NA,D1,2022-10-27T14:58:02Z
RM-4-4,15,20,2,2022-10-27T14:57:56Z,10,1,6,9,NA,NA,2,8,2,NA,NA,D2,2022-10-27T14:58:05Z
RM-4-4,20,20,1,2022-10-27T14:58:22Z,11,1,3,NA,NA,NA,1.8181818181818181,5.454545454545454,NA,NA,NA,D1,2022-10-27T14:58:25Z
RM-4-4,20,20,2,2022-10-27T14:58:46Z,12,1,7,9,NA,NA,1.6666666666666667,8.333333333333332,5,NA,NA,D1,2022-10-27T14:58:53Z
RM-4-4,20,20,2,2022-10-27T14:58:46Z,12,1,7,9,NA,NA,1.6666666666666667,8.333333333333332,5,NA,NA,D2,2022-10-27T14:58:55Z
RM-4-4,20,20,1,2022-10-27T14:59:08Z,12,1,6,8,11,NA,1.6666666666666667,10,13.333333333333334,18.333333333333336,NA,D1,2022-10-27T14:59:14Z
RM-4-4,20,20,1,2022-10-27T14:59:08Z,12,1,6,8,11,NA,1.6666666666666667,10,13.333333333333334,18.333333333333336,NA,D2,2022-10-27T14:59:16Z
RM-4-4,20,20,1,2022-10-27T14:59:08Z,12,1,6,8,11,NA,1.6666666666666667,10,13.333333333333334,18.333333333333336,NA,D3,2022-10-27T14:59:19Z
RM-4-4,20,20,2,2022-10-27T14:59:29Z,12,1,2,6,9,NA,1.6666666666666667,16.666666666666668,10,5,NA,D1,2022-10-27T14:59:31Z
RM-4-4,20,20,2,2022-10-27T14:59:29Z,12,1,2,6,9,NA,1.6666666666666667,16.666666666666668,10,5,NA,D2,2022-10-27T14:59:35Z
RM-4-4,20,20,2,2022-10-27T14:59:29Z,12,1,2,6,9,NA,1.6666666666666667,16.666666666666668,10,5,NA,D3,2022-10-27T14:59:38Z
RM-4-4,20,20,1,2022-10-27T14:59:50Z,12,1,6,8,NA,NA,1.6666666666666667,10,13.333333333333334,NA,NA,D1,2022-10-27T14:59:56Z
RM-4-4,20,20,1,2022-10-27T14:59:50Z,12,1,6,8,NA,NA,1.6666666666666667,10,13.333333333333334,NA,NA,D2,2022-10-27T14:59:58Z
RM-4-4,20,20,2,2022-10-27T15:00:16Z,12,1,5,8,NA,NA,1.6666666666666667,11.666666666666666,6.666666666666666,NA,NA,D1,2022-10-27T15:00:21Z
RM-4-4,20,20,2,2022-10-27T15:00:16Z,12,1,5,8,NA,NA,1.6666666666666667,11.666666666666666,6.666666666666666,NA,NA,D2,2022-10-27T15:00:24Z
RM-14-3,3,20,1,2022-10-28T12:33:00Z,9,1,6,NA,NA,NA,2.2222222222222223,13.333333333333334,NA,NA,NA,D1,2022-10-28T12:33:06Z
RM-14-3,3,20,2,2022-10-28T12:33:18Z,10,1,6,NA,NA,NA,2,8,NA,NA,NA,D1,2022-10-28T12:33:24Z
RM-14-3,3,20,1,2022-10-28T12:33:38Z,11,1,5,NA,NA,NA,1.8181818181818181,9.09090909090909,NA,NA,NA,D1,2022-10-28T12:33:43Z
RM-14-3,3,20,2,2022-10-28T12:33:58Z,10,1,6,NA,NA,NA,2,8,NA,NA,NA,D1,2022-10-28T12:34:04Z
RM-14-3,3,20,1,2022-10-28T12:34:21Z,11,1,5,NA,NA,NA,1.8181818181818181,9.09090909090909,NA,NA,NA,D1,2022-10-28T12:34:26Z
RM-14-3,3,20,2,2022-10-28T12:34:40Z,10,1,6,NA,NA,NA,2,8,NA,NA,NA,D1,2022-10-28T12:34:46Z
RM-14-3,5,20,1,2022-10-28T12:35:09Z,10,1,4,NA,NA,NA,2,8,NA,NA,NA,D1,2022-10-28T12:35:13Z
RM-14-3,5,20,2,2022-10-28T12:35:34Z,10,1,5,NA,NA,NA,2,10,NA,NA,NA,D1,2022-10-28T12:35:39Z
RM-14-3,5,20,1,2022-10-28T12:35:57Z,10,1,5,NA,NA,NA,2,10,NA,NA,NA,D1,2022-10-28T12:36:02Z
RM-14-3,5,20,2,2022-10-28T12:36:21Z,10,1,5,NA,NA,NA,2,10,NA,NA,NA,D1,2022-10-28T12:36:26Z
RM-14-3,5,20,1,2022-10-28T12:36:40Z,9,1,5,NA,NA,NA,2.2222222222222223,11.11111111111111,NA,NA,NA,D1,2022-10-28T12:36:45Z
RM-14-3,5,20,2,2022-10-28T12:36:59Z,10,1,5,NA,NA,NA,2,10,NA,NA,NA,D1,2022-10-28T12:37:04Z
RM-14-3,10,20,1,2022-10-28T12:37:48Z,11,1,5,8,NA,NA,1.8181818181818181,9.09090909090909,14.545454545454545,NA,NA,D1,2022-10-28T12:37:53Z
RM-14-3,10,20,1,2022-10-28T12:37:48Z,11,1,5,8,NA,NA,1.8181818181818181,9.09090909090909,14.545454545454545,NA,NA,D2,2022-10-28T12:37:56Z
RM-14-3,10,20,2,2022-10-28T12:38:08Z,12,1,6,9,NA,NA,1.6666666666666667,10,5,NA,NA,D1,2022-10-28T12:38:14Z
RM-14-3,10,20,2,2022-10-28T12:38:08Z,12,1,6,9,NA,NA,1.6666666666666667,10,5,NA,NA,D2,2022-10-28T12:38:17Z
RM-14-3,10,20,1,2022-10-28T12:38:32Z,10,1,5,8,NA,NA,2,10,16,NA,NA,D1,2022-10-28T12:38:37Z
RM-14-3,10,20,1,2022-10-28T12:38:32Z,10,1,5,8,NA,NA,2,10,16,NA,NA,D2,2022-10-28T12:38:40Z
RM-14-3,10,20,2,2022-10-28T12:38:53Z,11,1,5,8,NA,NA,1.8181818181818181,10.90909090909091,5.454545454545455,NA,NA,D1,2022-10-28T12:38:58Z
RM-14-3,10,20,2,2022-10-28T12:38:53Z,11,1,5,8,NA,NA,1.8181818181818181,10.90909090909091,5.454545454545455,NA,NA,D2,2022-10-28T12:39:01Z
RM-14-3,10,20,1,2022-10-28T12:39:15Z,11,1,4,7,NA,NA,1.8181818181818181,7.2727272727272725,12.727272727272727,NA,NA,D1,2022-10-28T12:39:19Z
RM-14-3,10,20,1,2022-10-28T12:39:15Z,11,1,4,7,NA,NA,1.8181818181818181,7.2727272727272725,12.727272727272727,NA,NA,D2,2022-10-28T12:39:22Z
RM-14-3,10,20,2,2022-10-28T12:39:37Z,11,1,5,8,NA,NA,1.8181818181818181,10.90909090909091,5.454545454545455,NA,NA,D1,2022-10-28T12:39:42Z
RM-14-3,10,20,2,2022-10-28T12:39:37Z,11,1,5,8,NA,NA,1.8181818181818181,10.90909090909091,5.454545454545455,NA,NA,D2,2022-10-28T12:39:45Z
RM-14-3,12,20,1,2022-10-28T12:40:06Z,11,1,5,7,NA,NA,1.8181818181818181,9.09090909090909,12.727272727272727,NA,NA,D1,2022-10-28T12:40:11Z
RM-14-3,12,20,1,2022-10-28T12:40:06Z,11,1,5,7,NA,NA,1.8181818181818181,9.09090909090909,12.727272727272727,NA,NA,D2,2022-10-28T12:40:13Z
RM-14-3,12,20,2,2022-10-28T12:40:26Z,12,1,5,8,NA,NA,1.6666666666666667,11.666666666666666,6.666666666666666,NA,NA,D1,2022-10-28T12:40:31Z
RM-14-3,12,20,2,2022-10-28T12:40:26Z,12,1,5,8,NA,NA,1.6666666666666667,11.666666666666666,6.666666666666666,NA,NA,D2,2022-10-28T12:40:34Z
RM-14-3,12,20,2,2022-10-28T12:41:10Z,12,1,5,8,10,NA,1.6666666666666667,11.666666666666666,6.666666666666666,3.333333333333332,NA,D1,2022-10-28T12:41:15Z
RM-14-3,12,20,2,2022-10-28T12:41:10Z,12,1,5,8,10,NA,1.6666666666666667,11.666666666666666,6.666666666666666,3.333333333333332,NA,D2,2022-10-28T12:41:18Z
RM-14-3,12,20,2,2022-10-28T12:41:10Z,12,1,5,8,10,NA,1.6666666666666667,11.666666666666666,6.666666666666666,3.333333333333332,NA,D3,2022-10-28T12:41:20Z
RM-14-3,12,20,1,2022-10-28T12:41:34Z,11,1,6,8,NA,NA,1.8181818181818181,10.909090909090908,14.545454545454545,NA,NA,D1,2022-10-28T12:41:40Z
RM-14-3,12,20,1,2022-10-28T12:41:34Z,11,1,6,8,NA,NA,1.8181818181818181,10.909090909090908,14.545454545454545,NA,NA,D2,2022-10-28T12:41:42Z
RM-14-3,12,20,2,2022-10-28T12:41:58Z,12,1,4,7,9,NA,1.6666666666666667,13.333333333333332,8.333333333333332,5,NA,D1,2022-10-28T12:42:02Z
RM-14-3,12,20,2,2022-10-28T12:41:58Z,12,1,4,7,9,NA,1.6666666666666667,13.333333333333332,8.333333333333332,5,NA,D2,2022-10-28T12:42:05Z
RM-14-3,12,20,2,2022-10-28T12:41:58Z,12,1,4,7,9,NA,1.6666666666666667,13.333333333333332,8.333333333333332,5,NA,D3,2022-10-28T12:42:07Z
RM-14-3,15,20,2,2022-10-28T12:42:51Z,11,1,4,7,NA,NA,1.8181818181818181,12.727272727272727,7.272727272727273,NA,NA,D1,2022-10-28T12:42:55Z
RM-14-3,15,20,2,2022-10-28T12:42:51Z,11,1,4,7,NA,NA,1.8181818181818181,12.727272727272727,7.272727272727273,NA,NA,D2,2022-10-28T12:42:58Z
RM-14-3,15,20,1,2022-10-28T12:44:00Z,11,1,5,8,NA,NA,1.8181818181818181,9.09090909090909,14.545454545454545,NA,NA,D1,2022-10-28T12:44:05Z
RM-14-3,15,20,1,2022-10-28T12:44:00Z,11,1,5,8,NA,NA,1.8181818181818181,9.09090909090909,14.545454545454545,NA,NA,D2,2022-10-28T12:44:08Z
RM-14-2,3,20,2,2022-10-28T13:26:06Z,11,1,7,NA,NA,NA,1.8181818181818181,7.272727272727273,NA,NA,NA,D1,2022-10-28T13:26:13Z
RM-14-2,3,20,1,2022-10-28T13:26:26Z,11,1,6,NA,NA,NA,1.8181818181818181,10.909090909090908,NA,NA,NA,D1,2022-10-28T13:26:32Z
RM-14-2,3,20,2,2022-10-28T13:26:48Z,11,1,5,NA,NA,NA,1.8181818181818181,10.90909090909091,NA,NA,NA,D1,2022-10-28T13:26:53Z
RM-14-2,3,20,1,2022-10-28T13:27:07Z,11,1,7,NA,NA,NA,1.8181818181818181,12.727272727272727,NA,NA,NA,D1,2022-10-28T13:27:14Z
RM-14-2,3,20,2,2022-10-28T13:27:26Z,11,1,9,NA,NA,NA,1.8181818181818181,3.6363636363636367,NA,NA,NA,D1,2022-10-28T13:27:35Z
RM-14-2,5,20,1,2022-10-28T13:27:57Z,12,1,6,NA,NA,NA,1.6666666666666667,10,NA,NA,NA,D1,2022-10-28T13:28:03Z
RM-14-2,5,20,2,2022-10-28T13:28:18Z,12,1,7,NA,NA,NA,1.6666666666666667,8.333333333333332,NA,NA,NA,D1,2022-10-28T13:28:25Z
RM-14-2,5,20,2,2022-10-28T13:29:06Z,12,1,4,NA,NA,NA,1.6666666666666667,13.333333333333332,NA,NA,NA,D1,2022-10-28T13:29:10Z
RM-14-2,5,20,1,2022-10-28T13:29:27Z,11,1,6,NA,NA,NA,1.8181818181818181,10.909090909090908,NA,NA,NA,D1,2022-10-28T13:29:33Z
RM-14-2,5,20,2,2022-10-28T13:29:49Z,11,1,5,NA,NA,NA,1.8181818181818181,10.90909090909091,NA,NA,NA,D1,2022-10-28T13:29:54Z
RM-14-2,10,20,1,2022-10-28T13:30:23Z,12,1,8,NA,NA,NA,1.6666666666666667,13.333333333333334,NA,NA,NA,D1,2022-10-28T13:30:31Z
RM-14-2,10,20,2,2022-10-28T13:30:46Z,11,1,7,NA,NA,NA,1.8181818181818181,7.272727272727273,NA,NA,NA,D1,2022-10-28T13:30:53Z
RM-14-2,10,20,1,2022-10-28T13:31:08Z,11,1,4,NA,NA,NA,1.8181818181818181,7.2727272727272725,NA,NA,NA,D1,2022-10-28T13:31:12Z
RM-14-2,10,20,2,2022-10-28T13:31:28Z,11,1,7,NA,NA,NA,1.8181818181818181,7.272727272727273,NA,NA,NA,D1,2022-10-28T13:31:35Z
RM-14-2,10,20,1,2022-10-28T13:31:48Z,11,1,6,NA,NA,NA,1.8181818181818181,10.909090909090908,NA,NA,NA,D1,2022-10-28T13:31:54Z
RM-14-2,10,20,2,2022-10-28T13:32:12Z,11,1,3,6,NA,NA,1.8181818181818181,14.545454545454547,9.090909090909092,NA,NA,D1,2022-10-28T13:32:15Z
RM-14-2,10,20,2,2022-10-28T13:32:12Z,11,1,3,6,NA,NA,1.8181818181818181,14.545454545454547,9.090909090909092,NA,NA,D2,2022-10-28T13:32:18Z
RM-14-2,12,20,1,2022-10-28T13:32:39Z,11,1,9,NA,NA,NA,1.8181818181818181,16.363636363636363,NA,NA,NA,D1,2022-10-28T13:32:48Z
RM-14-2,12,20,2,2022-10-28T13:32:59Z,11,1,6,9,NA,NA,1.8181818181818181,9.090909090909092,3.6363636363636367,NA,NA,D1,2022-10-28T13:33:05Z
RM-14-2,12,20,2,2022-10-28T13:32:59Z,11,1,6,9,NA,NA,1.8181818181818181,9.090909090909092,3.6363636363636367,NA,NA,D2,2022-10-28T13:33:08Z
RM-14-2,12,20,1,2022-10-28T13:33:20Z,11,1,6,9,NA,NA,1.8181818181818181,10.909090909090908,16.363636363636363,NA,NA,D1,2022-10-28T13:33:26Z
RM-14-2,12,20,1,2022-10-28T13:33:20Z,11,1,6,9,NA,NA,1.8181818181818181,10.909090909090908,16.363636363636363,NA,NA,D2,2022-10-28T13:33:29Z
RM-14-2,12,20,2,2022-10-28T13:33:43Z,11,1,3,NA,NA,NA,1.8181818181818181,14.545454545454547,NA,NA,NA,D1,2022-10-28T13:33:46Z
RM-14-2,12,20,1,2022-10-28T13:34:02Z,12,1,8,11,NA,NA,1.6666666666666667,13.333333333333334,18.333333333333336,NA,NA,D1,2022-10-28T13:34:10Z
RM-14-2,12,20,1,2022-10-28T13:34:02Z,12,1,8,11,NA,NA,1.6666666666666667,13.333333333333334,18.333333333333336,NA,NA,D2,2022-10-28T13:34:13Z
RM-14-2,12,20,2,2022-10-28T13:34:25Z,11,1,4,6,NA,NA,1.8181818181818181,12.727272727272727,9.090909090909092,NA,NA,D1,2022-10-28T13:34:29Z
RM-14-2,12,20,2,2022-10-28T13:34:25Z,11,1,4,6,NA,NA,1.8181818181818181,12.727272727272727,9.090909090909092,NA,NA,D2,2022-10-28T13:34:31Z
RM-14-2,15,20,1,2022-10-28T13:35:02Z,11,1,4,7,NA,NA,1.8181818181818181,7.2727272727272725,12.727272727272727,NA,NA,D1,2022-10-28T13:35:06Z
RM-14-2,15,20,1,2022-10-28T13:35:02Z,11,1,4,7,NA,NA,1.8181818181818181,7.2727272727272725,12.727272727272727,NA,NA,D2,2022-10-28T13:35:09Z
RM-14-2,15,20,2,2022-10-28T13:35:21Z,11,1,3,NA,NA,NA,1.8181818181818181,14.545454545454547,NA,NA,NA,D1,2022-10-28T13:35:24Z
RM-14-2,15,20,1,2022-10-28T13:35:41Z,12,1,6,10,NA,NA,1.6666666666666667,10,16.666666666666668,NA,NA,D1,2022-10-28T13:35:47Z
RM-14-2,15,20,1,2022-10-28T13:35:41Z,12,1,6,10,NA,NA,1.6666666666666667,10,16.666666666666668,NA,NA,D2,2022-10-28T13:35:51Z
RM-14-2,15,20,2,2022-10-28T13:36:04Z,12,1,3,NA,NA,NA,1.6666666666666667,15,NA,NA,NA,D1,2022-10-28T13:36:07Z
RM-14-2,15,20,1,2022-10-28T13:36:25Z,12,1,7,10,NA,NA,1.6666666666666667,11.666666666666668,16.666666666666668,NA,NA,D1,2022-10-28T13:36:32Z
RM-14-2,15,20,1,2022-10-28T13:36:25Z,12,1,7,10,NA,NA,1.6666666666666667,11.666666666666668,16.666666666666668,NA,NA,D2,2022-10-28T13:36:35Z
RM-14-2,20,20,1,2022-10-28T13:37:17Z,11,1,6,NA,NA,NA,1.8181818181818181,10.909090909090908,NA,NA,NA,D1,2022-10-28T13:37:23Z
RM-14-2,20,20,2,2022-10-28T13:37:39Z,11,1,8,NA,NA,NA,1.8181818181818181,5.454545454545455,NA,NA,NA,D1,2022-10-28T13:37:47Z
RM-14-2,20,20,1,2022-10-28T13:38:02Z,11,1,5,8,NA,NA,1.8181818181818181,9.09090909090909,14.545454545454545,NA,NA,D1,2022-10-28T13:38:07Z
RM-14-2,20,20,1,2022-10-28T13:38:02Z,11,1,5,8,NA,NA,1.8181818181818181,9.09090909090909,14.545454545454545,NA,NA,D2,2022-10-28T13:38:10Z
RM-14-2,20,20,2,2022-10-28T13:38:22Z,11,1,4,NA,NA,NA,1.8181818181818181,12.727272727272727,NA,NA,NA,D1,2022-10-28T13:38:26Z
RM-14-2,20,20,1,2022-10-28T13:38:45Z,10,1,5,NA,NA,NA,2,10,NA,NA,NA,D1,2022-10-28T13:38:50Z
RM-14-2,20,20,2,2022-10-28T13:39:07Z,11,1,4,7,NA,NA,1.8181818181818181,12.727272727272727,7.272727272727273,NA,NA,D1,2022-10-28T13:39:11Z
RM-14-2,20,20,2,2022-10-28T13:39:07Z,11,1,4,7,NA,NA,1.8181818181818181,12.727272727272727,7.272727272727273,NA,NA,D2,2022-10-28T13:39:14Z
RM-14-1,3,20,1,2022-10-28T13:57:19Z,11,1,5,NA,NA,NA,1.8181818181818181,9.09090909090909,NA,NA,NA,D1,2022-10-28T13:57:24Z
RM-14-1,3,20,2,2022-10-28T13:57:36Z,11,1,6,NA,NA,NA,1.8181818181818181,9.090909090909092,NA,NA,NA,D1,2022-10-28T13:57:42Z
RM-14-1,3,20,2,2022-10-28T13:58:22Z,11,1,5,NA,NA,NA,1.8181818181818181,10.90909090909091,NA,NA,NA,D1,2022-10-28T13:58:27Z
RM-14-1,3,20,1,2022-10-28T13:58:45Z,12,1,5,NA,NA,NA,1.6666666666666667,8.333333333333334,NA,NA,NA,D1,2022-10-28T13:58:50Z
RM-14-1,5,20,1,2022-10-28T13:59:32Z,10,1,5,NA,NA,NA,2,10,NA,NA,NA,D1,2022-10-28T13:59:37Z
RM-14-1,5,20,2,2022-10-28T13:59:52Z,11,1,6,NA,NA,NA,1.8181818181818181,9.090909090909092,NA,NA,NA,D1,2022-10-28T13:59:58Z
RM-14-1,5,20,1,2022-10-28T14:00:15Z,11,1,5,NA,NA,NA,1.8181818181818181,9.09090909090909,NA,NA,NA,D1,2022-10-28T14:00:20Z
RM-14-1,5,20,1,2022-10-28T14:01:00Z,11,1,7,NA,NA,NA,1.8181818181818181,12.727272727272727,NA,NA,NA,D1,2022-10-28T14:01:07Z
RM-14-1,5,20,2,2022-10-28T14:01:19Z,12,1,8,NA,NA,NA,1.6666666666666667,6.666666666666666,NA,NA,NA,D1,2022-10-28T14:01:27Z
RM-14-4,3,20,1,2022-10-28T14:40:58Z,9,1,6,NA,NA,NA,2.2222222222222223,13.333333333333334,NA,NA,NA,D1,2022-10-28T14:41:04Z
RM-14-4,3,20,2,2022-10-28T14:41:18Z,12,1,6,NA,NA,NA,1.6666666666666667,10,NA,NA,NA,D1,2022-10-28T14:41:24Z
RM-14-4,3,20,1,2022-10-28T14:41:40Z,10,1,5,NA,NA,NA,2,10,NA,NA,NA,D1,2022-10-28T14:41:45Z
RM-14-4,3,20,2,2022-10-28T14:42:00Z,11,1,7,NA,NA,NA,1.8181818181818181,7.272727272727273,NA,NA,NA,D1,2022-10-28T14:42:07Z
RM-14-4,3,20,1,2022-10-28T14:42:20Z,10,1,6,NA,NA,NA,2,12,NA,NA,NA,D1,2022-10-28T14:42:26Z
RM-14-4,3,20,2,2022-10-28T14:42:43Z,11,1,4,NA,NA,NA,1.8181818181818181,12.727272727272727,NA,NA,NA,D1,2022-10-28T14:42:47Z
RM-14-4,5,20,1,2022-10-28T14:43:06Z,11,1,5,7,NA,NA,1.8181818181818181,9.09090909090909,12.727272727272727,NA,NA,D1,2022-10-28T14:43:11Z
RM-14-4,5,20,1,2022-10-28T14:43:06Z,11,1,5,7,NA,NA,1.8181818181818181,9.09090909090909,12.727272727272727,NA,NA,D2,2022-10-28T14:43:13Z
RM-14-4,5,20,2,2022-10-28T14:43:26Z,11,1,6,NA,NA,NA,1.8181818181818181,9.090909090909092,NA,NA,NA,D1,2022-10-28T14:43:32Z
RM-14-4,5,20,1,2022-10-28T14:43:48Z,10,1,6,NA,NA,NA,2,12,NA,NA,NA,D1,2022-10-28T14:43:54Z
RM-14-4,5,20,2,2022-10-28T14:44:09Z,10,1,4,6,NA,NA,2,12,8,NA,NA,D1,2022-10-28T14:44:13Z
RM-14-4,5,20,2,2022-10-28T14:44:09Z,10,1,4,6,NA,NA,2,12,8,NA,NA,D2,2022-10-28T14:44:15Z
RM-14-4,5,20,1,2022-10-28T14:44:29Z,11,1,6,NA,NA,NA,1.8181818181818181,10.909090909090908,NA,NA,NA,D1,2022-10-28T14:44:35Z
RM-14-4,5,20,2,2022-10-28T14:44:52Z,11,1,4,6,NA,NA,1.8181818181818181,12.727272727272727,9.090909090909092,NA,NA,D1,2022-10-28T14:44:56Z
RM-14-4,5,20,2,2022-10-28T14:44:52Z,11,1,4,6,NA,NA,1.8181818181818181,12.727272727272727,9.090909090909092,NA,NA,D2,2022-10-28T14:44:58Z
RM-14-4,10,20,1,2022-10-28T14:45:26Z,11,1,7,NA,NA,NA,1.8181818181818181,12.727272727272727,NA,NA,NA,D1,2022-10-28T14:45:33Z
RM-14-4,10,20,2,2022-10-28T14:45:47Z,11,1,3,NA,NA,NA,1.8181818181818181,14.545454545454547,NA,NA,NA,D1,2022-10-28T14:45:50Z
RM-14-4,10,20,1,2022-10-28T14:46:13Z,11,1,5,NA,NA,NA,1.8181818181818181,9.09090909090909,NA,NA,NA,D1,2022-10-28T14:46:18Z
RM-14-4,10,20,2,2022-10-28T14:46:33Z,11,1,7,NA,NA,NA,1.8181818181818181,7.272727272727273,NA,NA,NA,D1,2022-10-28T14:46:40Z
RM-14-4,10,20,1,2022-10-28T14:46:57Z,12,1,8,NA,NA,NA,1.6666666666666667,13.333333333333334,NA,NA,NA,D1,2022-10-28T14:47:05Z
RM-14-4,10,20,2,2022-10-28T14:47:20Z,10,1,4,8,NA,NA,2,12,4,NA,NA,D1,2022-10-28T14:47:24Z
RM-14-4,10,20,2,2022-10-28T14:47:20Z,10,1,4,8,NA,NA,2,12,4,NA,NA,D2,2022-10-28T14:47:28Z
RM-14-4,12,20,1,2022-10-28T14:47:12Z,10,1,6,NA,NA,NA,2,12,NA,NA,NA,D1,2022-10-28T14:47:18Z
RM-14-4,12,20,2,2022-10-28T14:48:14Z,10,1,3,5,7,NA,2,14,10,6,NA,D1,2022-10-28T14:48:17Z
RM-14-4,12,20,2,2022-10-28T14:48:14Z,10,1,3,5,7,NA,2,14,10,6,NA,D2,2022-10-28T14:48:19Z
RM-14-4,12,20,2,2022-10-28T14:48:14Z,10,1,3,5,7,NA,2,14,10,6,NA,D3,2022-10-28T14:48:21Z
RM-14-4,12,20,1,2022-10-28T14:48:34Z,11,1,4,8,NA,NA,1.8181818181818181,7.2727272727272725,14.545454545454545,NA,NA,D1,2022-10-28T14:48:38Z
RM-14-4,12,20,1,2022-10-28T14:48:34Z,11,1,4,8,NA,NA,1.8181818181818181,7.2727272727272725,14.545454545454545,NA,NA,D2,2022-10-28T14:48:42Z
RM-14-4,12,20,2,2022-10-28T14:48:54Z,10,1,3,5,NA,NA,2,14,10,NA,NA,D1,2022-10-28T14:48:57Z
RM-14-4,12,20,2,2022-10-28T14:48:54Z,10,1,3,5,NA,NA,2,14,10,NA,NA,D2,2022-10-28T14:48:59Z
RM-14-4,12,20,1,2022-10-28T14:49:16Z,10,1,4,NA,NA,NA,2,8,NA,NA,NA,D1,2022-10-28T14:49:20Z
RM-14-4,12,20,2,2022-10-28T14:49:32Z,10,1,5,NA,NA,NA,2,10,NA,NA,NA,D1,2022-10-28T14:49:37Z
RM-14-4,15,20,1,2022-10-28T14:49:55Z,10,1,6,9,NA,NA,2,12,18,NA,NA,D1,2022-10-28T14:50:01Z
RM-14-4,15,20,1,2022-10-28T14:49:55Z,10,1,6,9,NA,NA,2,12,18,NA,NA,D2,2022-10-28T14:50:04Z
RM-14-4,15,20,2,2022-10-28T14:50:16Z,10,1,5,NA,NA,NA,2,10,NA,NA,NA,D1,2022-10-28T14:50:21Z
RM-14-4,15,20,1,2022-10-28T14:50:41Z,10,1,5,8,NA,NA,2,10,16,NA,NA,D1,2022-10-28T14:50:46Z
RM-14-4,15,20,1,2022-10-28T14:50:41Z,10,1,5,8,NA,NA,2,10,16,NA,NA,D2,2022-10-28T14:50:49Z
RM-14-4,15,20,2,2022-10-28T14:51:01Z,10,1,3,NA,NA,NA,2,14,NA,NA,NA,D1,2022-10-28T14:51:04Z
RM-14-4,15,20,2,2022-10-28T14:51:40Z,10,1,5,NA,NA,NA,2,10,NA,NA,NA,D1,2022-10-28T14:51:45Z
RM-14-4,20,20,1,2022-10-28T14:52:03Z,10,1,4,7,NA,NA,2,8,14,NA,NA,D1,2022-10-28T14:52:07Z
RM-14-4,20,20,1,2022-10-28T14:52:03Z,10,1,4,7,NA,NA,2,8,14,NA,NA,D2,2022-10-28T14:52:10Z
RM-14-4,20,20,2,2022-10-28T14:52:24Z,11,1,3,NA,NA,NA,1.8181818181818181,14.545454545454547,NA,NA,NA,D1,2022-10-28T14:52:27Z
RM-14-4,20,20,1,2022-10-28T14:52:44Z,11,1,5,8,NA,NA,1.8181818181818181,9.09090909090909,14.545454545454545,NA,NA,D1,2022-10-28T14:52:49Z
RM-14-4,20,20,1,2022-10-28T14:52:44Z,11,1,5,8,NA,NA,1.8181818181818181,9.09090909090909,14.545454545454545,NA,NA,D2,2022-10-28T14:52:52Z
RM-14-4,20,20,2,2022-10-28T14:53:49Z,10,1,3,NA,NA,NA,2,14,NA,NA,NA,D1,2022-10-28T14:53:52Z
RM-6-3,3,20,2,2022-10-31T12:52:50Z,11,1,7,NA,NA,NA,1.8181818181818181,7.272727272727273,NA,NA,NA,D1,2022-10-31T12:52:57Z
RM-6-3,3,20,2,2022-10-31T12:53:31Z,12,1,7,NA,NA,NA,1.6666666666666667,8.333333333333332,NA,NA,NA,D1,2022-10-31T12:53:38Z
RM-6-5,3,20,1,2022-10-31T13:49:41Z,11,1,6,NA,NA,NA,1.8181818181818181,10.909090909090908,NA,NA,NA,D1,2022-10-31T13:49:47Z
RM-6-5,3,20,2,2022-10-31T13:50:03Z,11,1,5,NA,NA,NA,1.8181818181818181,10.90909090909091,NA,NA,NA,D1,2022-10-31T13:50:08Z
RM-6-5,3,20,1,2022-10-31T13:50:23Z,12,1,7,NA,NA,NA,1.6666666666666667,11.666666666666668,NA,NA,NA,D1,2022-10-31T13:50:30Z
RM-6-5,3,20,2,2022-10-31T13:50:44Z,12,1,6,NA,NA,NA,1.6666666666666667,10,NA,NA,NA,D1,2022-10-31T13:50:50Z
RM-6-5,3,20,1,2022-10-31T13:51:15Z,12,1,7,NA,NA,NA,1.6666666666666667,11.666666666666668,NA,NA,NA,D1,2022-10-31T13:51:22Z
RM-6-5,3,20,2,2022-10-31T13:51:26Z,12,1,6,NA,NA,NA,1.6666666666666667,10,NA,NA,NA,D1,2022-10-31T13:51:32Z
RM-6-5,5,20,1,2022-10-31T13:51:52Z,13,1,8,NA,NA,NA,1.5384615384615385,12.307692307692308,NA,NA,NA,D1,2022-10-31T13:52:00Z
RM-6-5,5,20,2,2022-10-31T13:52:16Z,14,1,8,NA,NA,NA,1.4285714285714286,8.571428571428571,NA,NA,NA,D1,2022-10-31T13:52:24Z
RM-6-5,5,20,1,2022-10-31T13:52:42Z,12,1,7,NA,NA,NA,1.6666666666666667,11.666666666666668,NA,NA,NA,D1,2022-10-31T13:52:49Z
RM-6-5,5,20,2,2022-10-31T13:53:05Z,13,1,7,9,NA,NA,1.5384615384615385,9.23076923076923,6.153846153846153,NA,NA,D1,2022-10-31T13:53:12Z
RM-6-5,5,20,2,2022-10-31T13:53:05Z,13,1,7,9,NA,NA,1.5384615384615385,9.23076923076923,6.153846153846153,NA,NA,D2,2022-10-31T13:53:14Z
RM-6-5,5,20,1,2022-10-31T13:53:30Z,12,1,6,NA,NA,NA,1.6666666666666667,10,NA,NA,NA,D1,2022-10-31T13:53:36Z
RM-6-5,5,20,2,2022-10-31T13:53:52Z,13,1,7,NA,NA,NA,1.5384615384615385,9.23076923076923,NA,NA,NA,D1,2022-10-31T13:53:59Z
RM-6-5,10,20,2,2022-10-31T13:54:56Z,13,1,9,NA,NA,NA,1.5384615384615385,6.153846153846153,NA,NA,NA,D1,2022-10-31T13:55:05Z
RM-6-5,10,20,2,2022-10-31T13:55:41Z,13,1,9,NA,NA,NA,1.5384615384615385,6.153846153846153,NA,NA,NA,D1,2022-10-31T13:55:50Z
RM-6-5,10,20,2,2022-10-31T13:56:27Z,12,1,8,NA,NA,NA,1.6666666666666667,6.666666666666666,NA,NA,NA,D1,2022-10-31T13:56:35Z
RM-6-6,3,20,1,2022-10-31T14:46:02Z,10,1,5,NA,NA,NA,2,10,NA,NA,NA,D1,2022-10-31T14:46:07Z
RM-6-6,3,20,2,2022-10-31T14:46:21Z,10,1,6,NA,NA,NA,2,8,NA,NA,NA,D1,2022-10-31T14:46:27Z
RM-6-6,3,20,1,2022-10-31T14:47:21Z,9,1,5,NA,NA,NA,2.2222222222222223,11.11111111111111,NA,NA,NA,D1,2022-10-31T14:47:26Z
RM-6-6,3,20,2,2022-10-31T14:47:39Z,10,1,6,NA,NA,NA,2,8,NA,NA,NA,D1,2022-10-31T14:47:45Z
RM-6-6,5,20,1,2022-10-31T14:49:43Z,9,1,5,NA,NA,NA,2.2222222222222223,11.11111111111111,NA,NA,NA,D1,2022-10-31T14:49:48Z
RM-6-6,10,20,1,2022-10-31T14:50:40Z,10,1,8,NA,NA,NA,2,16,NA,NA,NA,D1,2022-10-31T14:50:48Z
RM-6-6,10,20,2,2022-10-31T14:51:00Z,12,1,8,10,NA,NA,1.6666666666666667,6.666666666666666,3.333333333333332,NA,NA,D1,2022-10-31T14:51:08Z
RM-6-6,10,20,2,2022-10-31T14:51:00Z,12,1,8,10,NA,NA,1.6666666666666667,6.666666666666666,3.333333333333332,NA,NA,D2,2022-10-31T14:51:10Z
RM-6-6,10,20,1,2022-10-31T14:51:25Z,11,1,7,NA,NA,NA,1.8181818181818181,12.727272727272727,NA,NA,NA,D1,2022-10-31T14:51:32Z
RM-6-6,10,20,2,2022-10-31T14:51:46Z,12,1,7,NA,NA,NA,1.6666666666666667,8.333333333333332,NA,NA,NA,D1,2022-10-31T14:51:53Z
RM-6-6,12,20,1,2022-10-31T14:53:00Z,11,1,5,7,NA,NA,1.8181818181818181,9.09090909090909,12.727272727272727,NA,NA,D1,2022-10-31T14:53:05Z
RM-6-6,12,20,1,2022-10-31T14:53:00Z,11,1,5,7,NA,NA,1.8181818181818181,9.09090909090909,12.727272727272727,NA,NA,D2,2022-10-31T14:53:07Z
RM-6-6,12,20,2,2022-10-31T14:53:20Z,11,1,7,NA,NA,NA,1.8181818181818181,7.272727272727273,NA,NA,NA,D1,2022-10-31T14:53:27Z
RM-6-6,12,20,1,2022-10-31T14:53:41Z,11,1,7,NA,NA,NA,1.8181818181818181,12.727272727272727,NA,NA,NA,D1,2022-10-31T14:53:48Z
RM-6-6,12,20,2,2022-10-31T14:54:11Z,11,1,7,9,NA,NA,1.8181818181818181,7.272727272727273,3.6363636363636367,NA,NA,D1,2022-10-31T14:54:18Z
RM-6-6,12,20,2,2022-10-31T14:54:11Z,11,1,7,9,NA,NA,1.8181818181818181,7.272727272727273,3.6363636363636367,NA,NA,D2,2022-10-31T14:54:20Z
RM-6-6,12,20,1,2022-10-31T14:54:32Z,10,1,5,7,NA,NA,2,10,14,NA,NA,D1,2022-10-31T14:54:37Z
RM-6-6,12,20,1,2022-10-31T14:54:32Z,10,1,5,7,NA,NA,2,10,14,NA,NA,D2,2022-10-31T14:54:39Z
RM-6-6,12,20,2,2022-10-31T14:54:51Z,11,1,8,10,NA,NA,1.8181818181818181,5.454545454545455,1.8181818181818201,NA,NA,D1,2022-10-31T14:54:59Z
RM-6-6,12,20,2,2022-10-31T14:54:51Z,11,1,8,10,NA,NA,1.8181818181818181,5.454545454545455,1.8181818181818201,NA,NA,D2,2022-10-31T14:55:01Z
RM-6-6,15,20,1,2022-10-31T14:55:21Z,11,1,8,NA,NA,NA,1.8181818181818181,14.545454545454545,NA,NA,NA,D1,2022-10-31T14:55:29Z
RM-6-6,15,20,2,2022-10-31T14:55:42Z,11,1,7,NA,NA,NA,1.8181818181818181,7.272727272727273,NA,NA,NA,D1,2022-10-31T14:55:49Z
RM-6-6,15,20,1,2022-10-31T14:56:04Z,11,1,8,NA,NA,NA,1.8181818181818181,14.545454545454545,NA,NA,NA,D1,2022-10-31T14:56:12Z
RM-6-6,15,20,2,2022-10-31T14:56:24Z,11,1,7,NA,NA,NA,1.8181818181818181,7.272727272727273,NA,NA,NA,D1,2022-10-31T14:56:31Z
RM-6-6,15,20,1,2022-10-31T14:56:45Z,11,1,8,NA,NA,NA,1.8181818181818181,14.545454545454545,NA,NA,NA,D1,2022-10-31T14:56:53Z
