unique.id,x.distance,run.dist,direction,datetime,duration,detection,detection.1,datetime.1,detection.2,datetime.2,detection.3,datetime.3,detection.4,datetime.4
RM-8-7,3,20,,22-03-2022 08:56:00,14.56,1,8:56:06,22-03-2022 08:56:06,,,,,,
RM-8-7,3,20,2,22-03-2022 08:57:00,11.46,1,8:57:06,22-03-2022 08:57:06,,,,,,
RM-8-7,3,20,,22-03-2022 08:58:00,10.37,1,8:58:06,22-03-2022 08:58:06,,,,,,
RM-8-7,3,20,2,22-03-2022 08:59:00,9.94,1,8:59:05,22-03-2022 08:59:05,,,,,,
RM-8-7,3,20,,22-03-2022 09:00:00,10.47,1,9:00:04,22-03-2022 09:00:04,,,,,,
RM-8-7,3,20,2,22-03-2022 09:01:00,10.79,1,9:01:04,22-03-2022 09:01:04,,,,,,
RM-8-7,5,20,,22-03-2022 09:02:00,11.76,1,9:02:06,22-03-2022 09:02:06,,,,,,
RM-8-7,5,20,2,22-03-2022 09:03:00,11.46,1,9:03:06,22-03-2022 09:03:06,9:03:08,22-03-2022 09:03:08,,,,
RM-8-7,5,20,,22-03-2022 09:04:00,11.38,1,9:04:06,22-03-2022 09:04:06,,,,,,
RM-8-7,5,20,2,22-03-2022 09:05:00,10.73,1,9:05:06,22-03-2022 09:05:06,,,,,,
RM-8-7,5,20,,22-03-2022 09:06:00,10.07,1,9:06:04,22-03-2022 09:06:04,,,,,,
RM-8-7,5,20,2,22-03-2022 09:07:00,10.56,1,9:07:06,22-03-2022 09:07:06,,,,,,
RM-8-7,12,20,,22-03-2022 09:08:00,12.33,0,,,,,,,,
RM-8-7,12,20,2,22-03-2022 09:09:00,13.87,0,,,,,,,,
RM-8-7,12,20,,22-03-2022 09:10:00,11.88,0,,,,,,,,
RM-8-7,12,20,2,22-03-2022 09:11:00,11.41,0,,,,,,,,
RM-8-7,12,20,,22-03-2022 09:12:00,11.33,0,,,,,,,,
RM-8-7,12,20,2,22-03-2022 09:13:00,11.45,0,,,,,,,,
RM-8-7,10,20,,22-03-2022 09:14:00,14.61,1,9:14:06,22-03-2022 09:14:06,9:14:11,22-03-2022 09:14:11,,,,
RM-8-7,10,20,2,22-03-2022 09:15:00,13.57,1,9:15:09,22-03-2022 09:15:09,,,,,,
RM-8-7,10,20,,22-03-2022 09:16:00,14.21,1,9:16:07,22-03-2022 09:16:07,,,,,,
RM-8-7,10,20,2,22-03-2022 09:17:00,13.52,1,9:17:09,22-03-2022 09:17:09,,,,,,
RM-8-7,10,20,,22-03-2022 09:18:00,13.54,1,9:18:07,22-03-2022 09:18:07,,,,,,
RM-8-7,10,20,2,22-03-2022 09:19:00,13.52,1,9:19:09,22-03-2022 09:19:09,,,,,,
RM-8-7,15,20,,22-03-2022 09:20:00,15.81,0,,,,,,,,
RM-8-7,15,20,2,22-03-2022 09:21:00,14.77,0,,,,,,,,
RM-8-7,15,20,,22-03-2022 09:23:00,15.66,0,,,,,,,,
RM-8-7,15,20,2,22-03-2022 09:24:00,14.2,0,,,,,,,,
RM-8-7,15,20,,22-03-2022 09:25:00,16.61,0,,,,,,,,
RM-8-7,15,20,2,22-03-2022 09:26:00,13.37,0,,,,,,,,
RM-8-7,20,20,,22-03-2022 09:28:00,25.93,0,,,,,,,,
RM-8-7,20,20,2,22-03-2022 09:29:00,24.98,0,,,,,,,,
RM-8-7,20,20,,22-03-2022 09:30:00,21.55,0,,,,,,,,
RM-8-7,20,20,2,22-03-2022 09:31:00,22.74,0,,,,,,,,
RM-8-7,20,20,,22-03-2022 09:32:00,23.81,0,,,,,,,,
RM-8-7,20,20,2,22-03-2022 09:33:00,18.37,1,9:33:09,22-03-2022 09:33:09,9:33:12,22-03-2022 09:33:12,,,,
RM-8-5,3,20,,22-03-2022 10:35:00,11.63,1,10:35:06,22-03-2022 10:35:06,,,,,,
RM-8-5,3,20,2,22-03-2022 10:36:00,11.67,1,10:36:06,22-03-2022 10:36:06,,,,,,
RM-8-5,3,20,,22-03-2022 10:37:00,11.5,1,10:37:06,22-03-2022 10:37:06,,,,,,
RM-8-5,3,20,2,22-03-2022 10:38:00,11.35,1,10:38:06,22-03-2022 10:38:06,,,,,,
RM-8-5,3,20,,22-03-2022 10:39:00,10.83,1,10:39:05,22-03-2022 10:39:05,,,,,,
RM-8-5,3,20,2,22-03-2022 10:40:00,10.34,1,10:40:07,22-03-2022 10:40:07,,,,,,
RM-8-5,5,20,,22-03-2022 10:41:00,12.73,1,10:41:07,22-03-2022 10:41:07,10:41:09,22-03-2022 10:41:09,,,,
RM-8-5,5,20,2,22-03-2022 10:42:00,12.22,1,10:42:07,22-03-2022 10:42:07,,,,,,
RM-8-5,5,20,,22-03-2022 10:43:00,12.65,1,10:43:05,22-03-2022 10:43:05,10:43:09,22-03-2022 10:43:09,,,,
RM-8-5,5,20,2,22-03-2022 10:44:00,11.86,1,10:44:07,22-03-2022 10:44:07,10:44:08,22-03-2022 10:44:08,,,,
RM-8-5,5,20,,22-03-2022 10:45:00,10.59,1,10:45:06,22-03-2022 10:45:06,,,,,,
RM-8-5,5,20,2,22-03-2022 10:46:00,11.65,1,10:46:06,22-03-2022 10:46:06,,,,,,
RM-8-5,10,20,,22-03-2022 10:47:00,12.79,1,10:47:05,22-03-2022 10:47:05,10:47:06,22-03-2022 10:47:06,10:47:08,22-03-2022 10:47:08,,
RM-8-5,10,20,2,22-03-2022 10:48:00,11.96,1,10:48:06,22-03-2022 10:48:06,10:48:08,22-03-2022 10:48:08,,,,
RM-8-5,10,20,,22-03-2022 10:49:00,12.78,1,10:49:06,22-03-2022 10:49:06,10:49:08,22-03-2022 10:49:08,,,,
RM-8-5,10,20,2,22-03-2022 10:50:00,11.4,1,10:50:06,22-03-2022 10:50:06,10:50:08,22-03-2022 10:50:08,,,,
RM-8-5,10,20,,22-03-2022 10:51:00,12.05,1,10:51:06,22-03-2022 10:51:06,10:51:08,22-03-2022 10:51:08,,,,
RM-8-5,10,20,2,22-03-2022 10:52:00,11.87,1,10:52:06,22-03-2022 10:52:06,10:52:08,22-03-2022 10:52:08,,,,
RM-8-5,12,20,,22-03-2022 10:53:00,17.9,1,10:53:15,22-03-2022 10:53:15,,,,,,
RM-8-5,12,20,2,22-03-2022 10:54:00,12.58,1,10:54:07,22-03-2022 10:54:07,10:54:09,22-03-2022 10:54:09,,,,
RM-8-5,12,20,,22-03-2022 10:55:00,12,1,10:55:07,22-03-2022 10:55:07,,,,,,
RM-8-5,12,20,2,22-03-2022 10:56:00,12.82,1,10:56:07,22-03-2022 10:56:07,10:56:09,22-03-2022 10:56:09,,,,
RM-8-5,12,20,,22-03-2022 10:57:00,11.52,0,,,,,,,,
RM-8-5,12,20,2,22-03-2022 10:58:00,11.56,1,10:58:07,22-03-2022 10:58:07,10:58:09,22-03-2022 10:58:09,,,,
RM-8-5,15,20,,22-03-2022 10:59:00,11.29,0,,,,,,,,
RM-8-5,15,20,2,22-03-2022 11:00:00,11.67,0,,,,,,,,
RM-8-5,15,20,,22-03-2022 11:01:00,10.99,0,,,,,,,,
RM-8-5,15,20,2,22-03-2022 11:02:00,10.56,0,,,,,,,,
RM-8-5,15,20,,22-03-2022 11:03:00,9.39,0,,,,,,,,
RM-8-5,15,20,2,22-03-2022 11:04:00,8.9,0,,,,,,,,
RM-8-5,20,20,,22-03-2022 11:05:00,11.97,0,,,,,,,,
RM-8-5,20,20,2,22-03-2022 11:06:00,10.96,0,,,,,,,,
RM-8-5,20,20,,22-03-2022 11:07:00,10.61,0,,,,,,,,
RM-8-5,20,20,2,22-03-2022 11:08:00,9.46,0,,,,,,,,
RM-8-5,20,20,,22-03-2022 11:09:00,10.09,0,,,,,,,,
RM-8-5,20,20,2,22-03-2022 11:10:00,10.06,0,,,,,,,,
RM-8-9,3,20,,22-03-2022 12:15:00,11.47,1,12:15:06,22-03-2022 12:15:06,,,,,,
RM-8-9,3,20,2,22-03-2022 12:16:00,11.86,1,12:16:07,22-03-2022 12:16:07,,,,,,
RM-8-9,3,20,,22-03-2022 12:17:00,12.2,1,12:17:06,22-03-2022 12:17:06,,,,,,
RM-8-9,3,20,2,22-03-2022 12:18:00,11.43,1,12:18:06,22-03-2022 12:18:06,,,,,,
RM-8-9,3,20,,22-03-2022 12:19:00,11.39,1,12:19:06,22-03-2022 12:19:06,,,,,,
RM-8-9,3,20,2,22-03-2022 12:20:00,11.54,1,12:20:06,22-03-2022 12:20:06,,,,,,
RM-8-9,5,20,,22-03-2022 12:21:00,9.8,0,,,,,,,,
RM-8-9,5,20,2,22-03-2022 12:22:00,10.94,1,12:22:06,22-03-2022 12:22:06,,,,,,
RM-8-9,5,20,,22-03-2022 12:23:00,9.78,0,,,,,,,,
RM-8-9,5,20,2,22-03-2022 12:24:00,10.43,1,12:24:07,22-03-2022 12:24:07,,,,,,
RM-8-9,5,20,,22-03-2022 12:25:00,10.73,0,,,,,,,,
RM-8-9,5,20,2,22-03-2022 12:26:00,11.06,1,12:26:06,22-03-2022 12:26:06,,,,,,
RM-8-9,10,20,,22-03-2022 12:27:00,10.95,0,,,,,,,,
RM-8-9,10,20,2,22-03-2022 12:29:00,10.87,0,,,,,,,,
RM-8-9,10,20,,22-03-2022 12:30:00,10.48,0,,,,,,,,
RM-8-9,10,20,2,22-03-2022 12:31:00,10.88,0,,,,,,,,
RM-8-9,10,20,,22-03-2022 12:32:00,9.93,0,,,,,,,,
RM-8-9,10,20,2,22-03-2022 12:33:00,10.77,0,,,,,,,,
RM-8-9,12,20,,22-03-2022 12:34:00,10.51,0,,,,,,,,
RM-8-9,12,20,2,22-03-2022 12:35:00,10.17,0,,,,,,,,
RM-8-9,12,20,,22-03-2022 12:36:00,10.62,0,,,,,,,,
RM-8-9,12,20,2,22-03-2022 12:37:00,9.44,0,,,,,,,,
RM-8-9,12,20,,22-03-2022 12:38:00,10.22,0,,,,,,,,
RM-8-9,12,20,2,22-03-2022 12:39:00,12.69,0,,,,,,,,
RM-8-9,15,20,,22-03-2022 12:40:00,10.63,0,,,,,,,,
RM-8-9,15,20,2,22-03-2022 12:41:00,10.5,0,,,,,,,,
RM-8-9,15,20,,22-03-2022 12:42:00,11.13,0,,,,,,,,
RM-8-9,15,20,2,22-03-2022 12:43:00,10.56,0,,,,,,,,
RM-8-9,15,20,,22-03-2022 12:44:00,10.28,0,,,,,,,,
RM-8-9,15,20,2,22-03-2022 12:45:00,10.52,0,,,,,,,,
RM-8-9,20,20,,22-03-2022 12:46:00,11.17,0,,,,,,,,
RM-8-9,20,20,2,22-03-2022 12:47:00,11.72,0,,,,,,,,
RM-8-9,20,20,,22-03-2022 12:48:00,10.51,0,,,,,,,,
RM-8-9,20,20,2,22-03-2022 12:49:00,10.64,0,,,,,,,,
RM-8-9,20,20,,22-03-2022 12:50:00,10.36,0,,,,,,,,
RM-8-9,20,20,2,22-03-2022 12:51:00,10.62,0,,,,,,,,
RM-8-4,3,20,,22-03-2022 14:40:00,14.33,1,14:40:09,22-03-2022 14:40:09,,,,,,
RM-8-4,3,20,2,22-03-2022 14:41:00,13.52,1,14:41:06,22-03-2022 14:41:06,,,,,,
RM-8-4,3,20,,22-03-2022 14:42:00,13.27,1,14:42:08,22-03-2022 14:42:08,,,,,,
RM-8-4,3,20,2,22-03-2022 14:43:00,11.87,1,14:43:06,22-03-2022 14:43:06,,,,,,
RM-8-4,3,20,,22-03-2022 14:44:00,13.56,1,14:44:08,22-03-2022 14:44:08,,,,,,
RM-8-4,3,20,2,22-03-2022 14:45:00,11,1,14:45:06,22-03-2022 14:45:06,,,,,,
RM-8-4,5,20,,22-03-2022 14:46:00,11.03,1,14:46:06,22-03-2022 14:46:06,14:46:08,22-03-2022 14:46:08,,,,
RM-8-4,5,20,2,22-03-2022 14:47:00,10.3,1,14:47:06,22-03-2022 14:47:06,,,,,,
RM-8-4,5,20,,22-03-2022 14:48:00,11.25,1,14:48:06,22-03-2022 14:48:06,,,,,,
RM-8-4,5,20,2,22-03-2022 14:49:00,10.8,1,14:49:06,22-03-2022 14:49:06,,,,,,
RM-8-4,5,20,,22-03-2022 14:50:00,10.2,1,14:50:06,22-03-2022 14:50:06,14:50:08,22-03-2022 14:50:08,,,,
RM-8-4,5,20,2,22-03-2022 14:51:00,10.07,1,14:51:05,22-03-2022 14:51:05,,,,,,
RM-8-4,10,20,,22-03-2022 14:52:00,12.4,1,14:52:07,22-03-2022 14:52:07,14:52:11,22-03-2022 14:52:11,,,,
RM-8-4,10,20,2,22-03-2022 14:53:00,12.32,1,14:53:05,22-03-2022 14:53:05,14:53:09,22-03-2022 14:53:09,,,,
RM-8-4,10,20,,22-03-2022 14:54:00,11.95,1,14:54:07,22-03-2022 14:54:07,14:54:09,22-03-2022 14:54:09,,,,
RM-8-4,10,20,2,22-03-2022 14:55:00,11.66,1,14:55:07,22-03-2022 14:55:07,14:55:09,22-03-2022 14:55:09,,,,
RM-8-4,10,20,,22-03-2022 14:56:00,11.09,1,14:56:07,22-03-2022 14:56:07,14:56:09,22-03-2022 14:56:09,,,,
RM-8-4,10,20,2,22-03-2022 14:57:00,11.12,1,14:57:05,22-03-2022 14:57:05,14:57:07,22-03-2022 14:57:07,,,,
RM-8-4,12,20,,22-03-2022 14:58:00,11.44,0,,,,,,,,
RM-8-4,12,20,2,22-03-2022 14:59:00,11.4,0,,,,,,,,
RM-8-4,12,20,,22-03-2022 15:00:00,10.93,0,,,,,,,,
RM-8-4,12,20,2,22-03-2022 15:01:00,10.13,0,,,,,,,,
RM-8-4,12,20,,22-03-2022 15:02:00,10.43,1,15:02:07,22-03-2022 15:02:07,15:02:09,22-03-2022 15:02:09,,,,
RM-8-4,12,20,2,22-03-2022 15:03:00,10.75,1,15:03:07,22-03-2022 15:03:07,15:03:09,22-03-2022 15:03:09,,,,
RM-8-4,15,20,,22-03-2022 15:04:00,10.54,0,,,,,,,,
RM-8-4,15,20,2,22-03-2022 15:05:00,8.88,0,,,,,,,,
RM-8-4,15,20,,22-03-2022 15:06:00,10.84,0,,,,,,,,
RM-8-4,15,20,2,22-03-2022 15:07:00,10.09,0,,,,,,,,
RM-8-4,15,20,,22-03-2022 15:08:00,9.62,0,,,,,,,,
RM-8-4,15,20,2,22-03-2022 15:09:00,9.16,0,,,,,,,,
RM-8-4,20,20,,22-03-2022 15:10:00,10.8,0,,,,,,,,
RM-8-4,20,20,2,22-03-2022 15:11:00,10.18,0,,,,,,,,
RM-8-4,20,20,,22-03-2022 15:12:00,10.45,0,,,,,,,,
RM-8-4,20,20,2,22-03-2022 15:13:00,10.27,0,,,,,,,,
RM-8-4,20,20,,22-03-2022 15:14:00,10.57,0,,,,,,,,
RM-8-4,20,20,2,22-03-2022 15:15:00,8.92,0,,,,,,,,
RM-14-5,3,20,,25-03-2022 09:54:00,10.08,1,9:54:07,25-03-2022 09:54:07,,,,,,
RM-14-5,3,20,2,25-03-2022 09:55:00,9.5,0,,,,,,,,
RM-14-5,3,20,,25-03-2022 09:56:00,10.46,1,9:56:07,25-03-2022 09:56:07,,,,,,
RM-14-5,3,20,2,25-03-2022 09:57:00,10.17,1,9:57:07,25-03-2022 09:57:07,,,,,,
RM-14-5,3,20,,25-03-2022 09:58:00,10.62,1,9:58:07,25-03-2022 09:58:07,,,,,,
RM-14-5,3,20,2,25-03-2022 09:59:00,10.1,1,9:59:07,25-03-2022 09:59:07,,,,,,
RM-14-5,5,20,,25-03-2022 10:00:00,9.43,1,10:00:04,25-03-2022 10:00:04,,,,,,
RM-14-5,5,20,2,25-03-2022 10:01:00,8.9,1,10:01:06,25-03-2022 10:01:06,,,,,,
RM-14-5,5,20,,25-03-2022 10:02:00,9.94,1,10:02:06,25-03-2022 10:02:06,,,,,,
RM-14-5,5,20,2,25-03-2022 10:03:00,9.83,1,10:03:06,25-03-2022 10:03:06,,,,,,
RM-14-5,5,20,,25-03-2022 10:04:00,10.17,1,10:04:06,25-03-2022 10:04:06,,,,,,
RM-14-5,5,20,2,25-03-2022 10:05:00,9.81,1,10:05:06,25-03-2022 10:05:06,,,,,,
RM-14-5,10,20,,25-03-2022 10:06:00,11.62,0,,,,,,,,
RM-14-5,10,20,2,25-03-2022 10:07:00,10.78,0,,,,,,,,
RM-14-5,10,20,,25-03-2022 10:08:00,11.72,1,10:08:06,25-03-2022 10:08:06,,,,,,
RM-14-5,10,20,2,25-03-2022 10:09:00,10.84,0,,,,,,,,
RM-14-5,10,20,,25-03-2022 10:10:00,11.78,0,,,,,,,,
RM-14-5,10,20,2,25-03-2022 10:11:00,11.18,1,10:11:08,25-03-2022 10:11:08,,,,,,
RM-14-5,12,20,,25-03-2022 10:12:00,10.69,0,,,,,,,,
RM-14-5,12,20,2,25-03-2022 10:13:00,10.09,0,,,,,,,,
RM-14-5,12,20,,25-03-2022 10:14:00,10.52,0,,,,,,,,
RM-14-5,12,20,2,25-03-2022 10:15:00,10.97,0,,,,,,,,
RM-14-5,12,20,,25-03-2022 10:16:00,10.34,0,,,,,,,,
RM-14-5,12,20,2,25-03-2022 10:17:00,10.16,0,,,,,,,,
RM-14-5,15,20,,25-03-2022 10:18:00,11.62,0,,,,,,,,
RM-14-5,15,20,2,25-03-2022 10:19:00,11.66,0,,,,,,,,
RM-14-5,15,20,,25-03-2022 10:20:00,11.93,0,,,,,,,,
RM-14-5,15,20,2,25-03-2022 10:21:00,11.56,0,,,,,,,,
RM-14-5,15,20,,25-03-2022 10:22:00,11.23,0,,,,,,,,
RM-14-5,15,20,2,25-03-2022 10:23:00,11.66,0,,,,,,,,
RM-14-5,20,20,,25-03-2022 10:24:00,11.39,0,,,,,,,,
RM-14-5,20,20,2,25-03-2022 10:25:00,12.77,0,,,,,,,,
RM-14-5,20,20,,25-03-2022 10:26:00,11.72,0,,,,,,,,
RM-14-5,20,20,2,25-03-2022 10:27:00,11.45,0,,,,,,,,
RM-14-5,20,20,,25-03-2022 10:28:00,11.23,0,,,,,,,,
RM-14-5,20,20,2,25-03-2022 10:29:00,11.25,0,,,,,,,,
RM-14-9,3,20,,25-03-2022 10:39:00,12.98,0,,,,,,,,
RM-14-9,3,20,2,25-03-2022 10:40:00,11.16,1,10:40:09,25-03-2022 10:40:09,,,,,,
RM-14-9,3,20,,25-03-2022 10:41:00,11.44,1,10:41:09,25-03-2022 10:41:09,,,,,,
RM-14-9,3,20,2,25-03-2022 10:42:00,10.9,1,10:42:09,25-03-2022 10:42:09,,,,,,
RM-14-9,3,20,,25-03-2022 10:43:00,11.01,1,10:43:08,25-03-2022 10:43:08,,,,,,
RM-14-9,3,20,2,25-03-2022 10:44:00,10.56,1,10:44:09,25-03-2022 10:44:09,,,,,,
RM-14-9,5,20,,25-03-2022 10:45:00,11.59,1,10:45:08,25-03-2022 10:45:08,,,,,,
RM-14-9,5,20,2,25-03-2022 10:46:00,11.29,1,10:46:08,25-03-2022 10:46:08,,,,,,
RM-14-9,5,20,,25-03-2022 10:47:00,10.7,1,10:47:08,25-03-2022 10:47:08,,,,,,
RM-14-9,5,20,2,25-03-2022 10:48:00,10.39,1,10:48:08,25-03-2022 10:48:08,,,,,,
RM-14-9,5,20,,25-03-2022 10:49:00,10.9,1,10:49:08,25-03-2022 10:49:08,,,,,,
RM-14-9,5,20,2,25-03-2022 10:50:00,10.34,1,10:50:08,25-03-2022 10:50:08,,,,,,
RM-14-9,10,20,,25-03-2022 10:51:00,11.85,1,10:51:08,25-03-2022 10:51:08,,,,,,
RM-14-9,10,20,2,25-03-2022 10:52:00,11.61,1,10:52:07,25-03-2022 10:52:07,10:52:10,25-03-2022 10:52:10,,,,
RM-14-9,10,20,,25-03-2022 10:53:00,11.43,1,10:53:08,25-03-2022 10:53:08,,,,,,
RM-14-9,10,20,2,25-03-2022 10:54:00,11.21,1,10:54:06,25-03-2022 10:54:06,,,,,,
RM-14-9,10,20,,25-03-2022 10:55:00,11.41,1,10:55:08,25-03-2022 10:55:08,,,,,,
RM-14-9,10,20,2,25-03-2022 10:56:00,11.01,1,10:56:06,25-03-2022 10:56:06,10:56:10,25-03-2022 10:56:10,,,,
RM-14-9,12,20,,25-03-2022 10:57:00,10.8,1,10:57:07,25-03-2022 10:57:07,10:57:10,25-03-2022 10:57:10,,,,
RM-14-9,12,20,2,25-03-2022 10:58:00,10.98,1,10:58:06,25-03-2022 10:58:06,10:58:10,25-03-2022 10:58:10,,,,
RM-14-9,12,20,,25-03-2022 10:59:00,10.46,1,10:59:07,25-03-2022 10:59:07,,,,,,
RM-14-9,12,20,2,25-03-2022 11:00:00,9.91,1,11:00:06,25-03-2022 11:00:06,11:00:09,25-03-2022 11:00:09,,,,
RM-14-9,12,20,,25-03-2022 11:01:00,11.02,1,11:01:07,25-03-2022 11:01:07,11:01:10,25-03-2022 11:01:10,,,,
RM-14-9,12,20,2,25-03-2022 11:02:00,9.86,1,11:02:06,25-03-2022 11:02:06,11:02:09,25-03-2022 11:02:09,,,,
RM-14-9,15,20,,25-03-2022 11:03:00,11.65,1,11:03:08,25-03-2022 11:03:08,11:03:10,25-03-2022 11:03:10,,,,
RM-14-9,15,20,2,25-03-2022 11:04:00,10.71,1,11:04:05,25-03-2022 11:04:05,11:04:09,25-03-2022 11:04:09,,,,
RM-14-9,15,20,,25-03-2022 11:05:00,10.8,1,11:05:07,25-03-2022 11:05:07,11:05:10,25-03-2022 11:05:10,,,,
RM-14-9,15,20,2,25-03-2022 11:06:00,9.8,1,11:06:05,25-03-2022 11:06:05,11:06:08,25-03-2022 11:06:08,,,,
RM-14-9,15,20,,25-03-2022 11:07:00,11.01,1,11:07:09,25-03-2022 11:07:09,,,,,,
RM-14-9,15,20,2,25-03-2022 11:08:00,10.26,1,11:08:05,25-03-2022 11:08:05,11:08:08,25-03-2022 11:08:08,,,,
RM-14-9,20,20,,25-03-2022 11:09:00,11.23,1,11:09:09,25-03-2022 11:09:09,,,,,,
RM-14-9,20,20,2,25-03-2022 11:10:00,11.22,1,11:10:06,25-03-2022 11:10:06,,,,,,
RM-14-9,20,20,,25-03-2022 11:11:00,10.67,1,11:11:08,25-03-2022 11:11:08,,,,,,
RM-14-9,20,20,2,25-03-2022 11:12:00,10.51,1,11:12:07,25-03-2022 11:12:07,,,,,,
RM-14-9,20,20,,25-03-2022 11:13:00,10.54,1,11:13:09,25-03-2022 11:13:09,,,,,,
RM-14-9,20,20,2,25-03-2022 11:14:00,10.28,1,11:14:06,25-03-2022 11:14:06,,,,,,
RM-14-7,3,20,,25-03-2022 12:56:00,9.22,1,12:56:07,25-03-2022 12:56:07,,,,,,
RM-14-7,3,20,2,25-03-2022 12:57:00,9.79,1,12:57:07,25-03-2022 12:57:07,,,,,,
RM-14-7,3,20,,25-03-2022 12:58:00,10.36,1,12:58:05,25-03-2022 12:58:05,,,,,,
RM-14-7,3,20,2,25-03-2022 12:59:00,8.66,1,12:59:07,25-03-2022 12:59:07,,,,,,
RM-14-7,3,20,,25-03-2022 13:00:00,9.5,0,,,,,,,,
RM-14-7,3,20,2,25-03-2022 13:01:00,8.87,1,13:01:05,25-03-2022 13:01:05,,,,,,
RM-14-7,5,20,,25-03-2022 13:02:00,11.3,1,13:02:06,25-03-2022 13:02:06,13:02:08,25-03-2022 13:02:08,,,,
RM-14-7,5,20,2,25-03-2022 13:03:00,10.33,1,13:03:06,25-03-2022 13:03:06,,,,,,
RM-14-7,5,20,,25-03-2022 13:04:00,10.33,1,13:04:07,25-03-2022 13:04:07,,,,,,
RM-14-7,5,20,2,25-03-2022 13:05:00,9.93,1,13:05:05,25-03-2022 13:05:05,13:05:06,25-03-2022 13:05:06,,,,
RM-14-7,5,20,,25-03-2022 13:06:00,10.23,1,13:06:05,25-03-2022 13:06:05,,,,,,
RM-14-7,5,20,2,25-03-2022 13:07:00,9.84,1,13:07:06,25-03-2022 13:07:06,,,,,,
RM-14-7,10,20,,25-03-2022 13:08:00,10.52,1,13:08:04,25-03-2022 13:08:04,13:08:06,25-03-2022 13:08:06,,,,
RM-14-7,10,20,2,25-03-2022 13:09:00,9.42,1,13:09:06,25-03-2022 13:09:06,13:09:08,25-03-2022 13:09:08,,,,
RM-14-7,10,20,,25-03-2022 13:10:00,10.49,1,13:10:04,25-03-2022 13:10:04,13:10:06,25-03-2022 13:10:06,,,,
RM-14-7,10,20,2,25-03-2022 13:11:00,9.46,1,13:11:07,25-03-2022 13:11:07,13:11:09,25-03-2022 13:11:09,,,,
RM-14-7,10,20,,25-03-2022 13:12:00,10.84,1,13:12:04,25-03-2022 13:12:04,13:12:06,25-03-2022 13:12:06,,,,
RM-14-7,10,20,2,25-03-2022 13:13:00,10.05,1,13:13:05,25-03-2022 13:13:05,13:13:09,25-03-2022 13:13:09,,,,
RM-14-7,12,20,,25-03-2022 13:14:00,10.79,1,13:14:04,25-03-2022 13:14:04,13:14:06,25-03-2022 13:14:06,,,,
RM-14-7,12,20,2,25-03-2022 13:15:00,10.77,1,13:15:06,25-03-2022 13:15:06,13:15:08,25-03-2022 13:15:08,,,,
RM-14-7,12,20,,25-03-2022 13:16:00,11.4,1,13:16:02,25-03-2022 13:16:02,13:16:04,25-03-2022 13:16:04,13:16:06,25-03-2022 13:16:06,,
RM-14-7,12,20,2,25-03-2022 13:17:00,10.72,1,13:17:06,25-03-2022 13:17:06,13:17:08,25-03-2022 13:17:08,,,,
RM-14-7,12,20,,25-03-2022 13:18:00,11.41,1,13:18:05,25-03-2022 13:18:05,13:18:07,25-03-2022 13:18:07,,,,
RM-14-7,12,20,2,25-03-2022 13:19:00,10.98,1,13:19:06,25-03-2022 13:19:06,13:19:08,25-03-2022 13:19:08,13:19:10,25-03-2022 13:19:10,,
RM-14-7,15,20,,25-03-2022 13:20:00,12.38,1,13:20:05,25-03-2022 13:20:05,13:20:07,25-03-2022 13:20:07,13:20:09,25-03-2022 13:20:09,,
RM-14-7,15,20,2,25-03-2022 13:21:00,11.33,1,13:21:06,25-03-2022 13:21:06,13:21:08,25-03-2022 13:21:08,,,,
RM-14-7,15,20,,25-03-2022 13:22:00,12.98,1,13:22:04,25-03-2022 13:22:04,13:22:06,25-03-2022 13:22:06,13:22:08,25-03-2022 13:22:08,13:22:10,25-03-2022 13:22:10
RM-14-7,15,20,2,25-03-2022 13:23:00,10.43,1,13:23:04,25-03-2022 13:23:04,13:23:08,25-03-2022 13:23:08,,,,
RM-14-7,15,20,,25-03-2022 13:24:00,11.75,1,13:24:04,25-03-2022 13:24:04,13:24:06,25-03-2022 13:24:06,13:24:08,25-03-2022 13:24:08,,
RM-14-7,15,20,2,25-03-2022 13:25:00,10.31,1,13:25:05,25-03-2022 13:25:05,,,,,,
RM-14-7,20,20,,25-03-2022 13:26:00,12,1,13:26:07,25-03-2022 13:26:07,13:26:09,25-03-2022 13:26:09,,,,
RM-14-7,20,20,2,25-03-2022 13:27:00,11.28,0,,,,,,,,
RM-14-7,20,20,,25-03-2022 13:28:00,12.29,0,,,,,,,,
RM-14-7,20,20,2,25-03-2022 13:29:00,10.78,0,,,,,,,,
RM-14-7,20,20,,25-03-2022 13:30:00,11.51,0,,,,,,,,
RM-14-7,20,20,2,25-03-2022 13:31:00,11.02,0,,,,,,,,
RM-14-8,3,20,,25-03-2022 14:43:00,10.27,1,14:43:06,25-03-2022 14:43:06,,,,,,
RM-14-8,3,20,2,25-03-2022 14:44:00,10.55,1,14:44:06,25-03-2022 14:44:06,,,,,,
RM-14-8,3,20,,25-03-2022 14:45:00,9.86,1,14:45:07,25-03-2022 14:45:07,,,,,,
RM-14-8,3,20,2,25-03-2022 14:46:00,10.09,0,,,,,,,,
RM-14-8,3,20,,25-03-2022 14:47:00,10.22,1,14:47:06,25-03-2022 14:47:06,,,,,,
RM-14-8,3,20,2,25-03-2022 14:48:00,10.37,1,14:48:07,25-03-2022 14:48:07,,,,,,
RM-14-8,5,20,,25-03-2022 14:49:00,11.41,1,14:49:06,25-03-2022 14:49:06,,,,,,
RM-14-8,5,20,,25-03-2022 14:51:00,11.99,1,14:51:04,25-03-2022 14:51:04,14:51:07,25-03-2022 14:51:07,,,,
RM-14-8,5,20,2,25-03-2022 14:52:00,13.88,1,14:52:10,25-03-2022 14:52:10,,,,,,
RM-14-8,5,20,,25-03-2022 14:53:00,11.1,1,14:53:07,25-03-2022 14:53:07,,,,,,
RM-14-8,5,20,2,25-03-2022 14:54:00,13.44,1,14:54:08,25-03-2022 14:54:08,,,,,,
RM-19-9,3,20,,28-03-2022 10:24:13,15,1,10:24:19,28-03-2022 10:24:19,,,,,,
RM-19-9,3,20,2,28-03-2022 10:24:33,9,0,,,,,,,,
RM-19-9,3,20,,28-03-2022 10:24:57,10,1,10:25:03,28-03-2022 10:25:03,,,,,,
RM-19-9,3,20,2,28-03-2022 10:25:21,11,0,,,,,,,,
RM-19-9,3,20,,28-03-2022 10:25:45,13,1,10:25:49,28-03-2022 10:25:49,,,,,,
RM-19-9,3,20,2,28-03-2022 10:26:02,9,1,10:26:06,28-03-2022 10:26:06,,,,,,
RM-19-9,5,20,,28-03-2022 10:26:18,10,1,10:26:22,28-03-2022 10:26:22,,,,,,
RM-19-9,5,20,2,28-03-2022 10:26:38,9,1,10:26:41,28-03-2022 10:26:41,,,,,,
RM-19-9,5,20,,28-03-2022 10:26:53,11,1,10:26:57,28-03-2022 10:26:57,,,,,,
RM-19-9,5,20,2,28-03-2022 10:27:12,10,1,10:27:16,28-03-2022 10:27:16,,,,,,
RM-19-9,10,20,,28-03-2022 10:27:47,11,1,10:27:53,28-03-2022 10:27:53,,,,,,
RM-19-9,10,20,2,28-03-2022 10:28:07,10,1,10:28:11,28-03-2022 10:28:11,,,,,,
RM-19-9,10,20,,28-03-2022 10:28:27,10,1,10:28:33,28-03-2022 10:28:33,,,,,,
RM-19-9,10,20,2,28-03-2022 10:28:42,10,1,10:28:46,28-03-2022 10:28:46,,,,,,
RM-19-9,10,20,,28-03-2022 10:28:57,10,1,10:29:03,28-03-2022 10:29:03,,,,,,
RM-19-9,10,20,2,28-03-2022 10:29:13,11,1,10:29:16,28-03-2022 10:29:16,,,,,,
RM-19-9,12,20,,28-03-2022 10:29:57,10,1,10:30:03,28-03-2022 10:30:03,,,,,,
RM-19-9,12,20,2,28-03-2022 10:30:13,10,1,10:30:16,28-03-2022 10:30:16,,,,,,
RM-19-9,12,20,,28-03-2022 10:30:28,10,1,10:30:32,28-03-2022 10:30:32,,,,,,
RM-19-9,12,20,2,28-03-2022 10:30:42,10,1,10:30:47,28-03-2022 10:30:47,,,,,,
RM-19-9,12,20,,28-03-2022 10:30:57,10,1,10:31:02,28-03-2022 10:31:02,,,,,,
RM-19-9,12,20,2,28-03-2022 10:31:12,10,1,10:31:16,28-03-2022 10:31:16,,,,,,
RM-19-9,15,20,,28-03-2022 10:32:27,10,1,10:32:34,28-03-2022 10:32:34,,,,,,
RM-19-9,15,20,2,28-03-2022 10:32:47,10,1,10:32:52,28-03-2022 10:32:52,,,,,,
RM-19-9,15,20,,28-03-2022 10:33:08,9,1,10:33:12,28-03-2022 10:33:12,,,,,,
RM-19-9,15,20,2,28-03-2022 10:33:28,10,1,10:33:32,28-03-2022 10:33:32,,,,,,
RM-19-9,15,20,,28-03-2022 10:33:43,10,1,10:33:48,28-03-2022 10:33:48,,,,,,
RM-19-9,15,20,2,28-03-2022 10:33:57,10,1,10:34:02,28-03-2022 10:34:02,,,,,,
RM-19-6,3,20,2,28-03-2022 10:47:30,7,1,10:47:32,28-03-2022 10:47:32,,,,,,
RM-19-6,3,20,2,28-03-2022 10:48:58,8,1,10:49:01,28-03-2022 10:49:01,,,,,,
RM-19-6,3,20,,28-03-2022 10:49:19,8,1,10:49:23,28-03-2022 10:49:23,,,,,,
RM-19-6,3,20,2,28-03-2022 10:49:32,8,1,10:49:34,28-03-2022 10:49:34,,,,,,
RM-19-6,5,20,,28-03-2022 10:49:58,8,1,10:50:02,28-03-2022 10:50:02,,,,,,
RM-19-6,5,20,2,28-03-2022 10:50:11,9,1,10:50:14,28-03-2022 10:50:14,,,,,,
RM-19-6,5,20,2,28-03-2022 10:50:44,10,1,10:50:48,28-03-2022 10:50:48,10:50:50,28-03-2022 10:50:50,,,,
RM-19-6,5,20,2,28-03-2022 10:51:09,10,1,10:51:13,28-03-2022 10:51:13,,,,,,
RM-19-6,10,20,,28-03-2022 10:51:36,10,1,10:51:38,28-03-2022 10:51:38,10:51:39,28-03-2022 10:51:39,10:51:41,28-03-2022 10:51:41,,
RM-19-6,10,20,2,28-03-2022 10:51:49,10,1,10:51:51,28-03-2022 10:51:51,10:51:53,28-03-2022 10:51:53,10:51:54,28-03-2022 10:51:54,,
RM-19-6,10,20,,28-03-2022 10:52:06,10,1,10:52:08,28-03-2022 10:52:08,10:52:10,28-03-2022 10:52:10,10:52:12,28-03-2022 10:52:12,,
RM-19-6,10,20,2,28-03-2022 10:52:19,10,1,10:52:21,28-03-2022 10:52:21,10:52:23,28-03-2022 10:52:23,10:52:24,28-03-2022 10:52:24,,
RM-19-6,10,20,,28-03-2022 10:52:36,10,1,10:52:38,28-03-2022 10:52:38,10:52:40,28-03-2022 10:52:40,10:52:41,28-03-2022 10:52:41,,
RM-19-6,10,20,2,28-03-2022 10:52:49,10,1,10:52:50,28-03-2022 10:52:50,10:52:52,28-03-2022 10:52:52,,,,
RM-19-6,12,20,2,28-03-2022 10:53:36,13,1,10:53:40,28-03-2022 10:53:40,10:53:42,28-03-2022 10:53:42,10:53:44,28-03-2022 10:53:44,10:53:46,28-03-2022 10:53:46
RM-19-6,12,20,,28-03-2022 10:54:01,13,1,10:54:08,28-03-2022 10:54:08,10:54:09,28-03-2022 10:54:09,,,,
RM-19-6,12,20,2,28-03-2022 10:54:15,13,1,10:54:22,28-03-2022 10:54:22,10:54:24,28-03-2022 10:54:24,,,,
RM-19-6,12,20,,28-03-2022 10:54:41,12,1,10:54:45,28-03-2022 10:54:45,10:54:46,28-03-2022 10:54:46,10:54:48,28-03-2022 10:54:48,,
RM-19-6,12,20,2,28-03-2022 10:54:58,12,1,10:55:00,28-03-2022 10:55:00,10:55:02,28-03-2022 10:55:02,10:55:04,28-03-2022 10:55:04,10:55:05,28-03-2022 10:55:05
RM-19-6,15,20,,28-03-2022 10:55:29,11,1,10:55:34,28-03-2022 10:55:34,10:55:37,28-03-2022 10:55:37,10:55:39,28-03-2022 10:55:39,,
RM-19-6,15,20,2,28-03-2022 10:55:49,11,1,10:55:51,28-03-2022 10:55:51,10:55:53,28-03-2022 10:55:53,10:55:54,28-03-2022 10:55:54,,
RM-19-6,15,20,,28-03-2022 10:56:09,11,1,10:56:17,28-03-2022 10:56:17,,,,,,
RM-19-6,15,20,2,28-03-2022 10:56:24,10,1,10:56:31,28-03-2022 10:56:31,10:56:33,28-03-2022 10:56:33,,,,
RM-19-4,3,20,,28-03-2022 11:24:38,11,1,11:24:43,28-03-2022 11:24:43,,,,,,
RM-19-4,3,20,,28-03-2022 11:25:10,12,1,11:25:14,28-03-2022 11:25:14,11:25:16,28-03-2022 11:25:16,,,,
RM-19-4,5,20,,28-03-2022 11:26:40,13,1,11:26:45,28-03-2022 11:26:45,11:26:47,28-03-2022 11:26:47,,,,
RM-19-4,5,20,2,28-03-2022 11:27:40,14,1,11:27:44,28-03-2022 11:27:44,11:27:46,28-03-2022 11:27:46,,,,
RM-19-4,5,20,,28-03-2022 11:27:58,14,1,11:28:05,28-03-2022 11:28:05,11:28:07,28-03-2022 11:28:07,,,,
RM-19-4,5,20,2,28-03-2022 11:28:20,14,1,11:28:24,28-03-2022 11:28:24,11:28:26,28-03-2022 11:28:26,,,,
RM-19-4,12,20,2,28-03-2022 11:30:10,13,1,11:30:12,28-03-2022 11:30:12,11:30:14,28-03-2022 11:30:14,11:30,28-03-2022 11:30:16,,
RM-19-4,12,20,,28-03-2022 11:30:30,14,1,11:30:35,28-03-2022 11:30:35,11:30:37,28-03-2022 11:30:37,11:30:39,28-03-2022 11:30:39,,
RM-19-4,12,20,2,28-03-2022 11:30:50,13,1,11:30:53,28-03-2022 11:30:53,11:30:55,28-03-2022 11:30:55,11:30:57,28-03-2022 11:30:57,,
RM-19-4,10,20,,28-03-2022 11:31:38,14,1,11:31,28-03-2022 11:31:42,11:31:45,28-03-2022 11:31:45,11:31:47,28-03-2022 11:31:47,,
RM-19-4,10,20,2,28-03-2022 11:31:58,14,1,11:32:04,28-03-2022 11:32:04,11:32:06,28-03-2022 11:32:06,11:32:08,28-03-2022 11:32:08,,
RM-19-4,10,20,2,28-03-2022 11:32:48,15,1,11:32:53,28-03-2022 11:32:53,11:32:55,28-03-2022 11:32:55,11:32:57,28-03-2022 11:32:57,,
RM-19-4,10,20,,28-03-2022 11:33:13,15,1,11:33:20,28-03-2022 11:33:20,11:33:22,28-03-2022 11:33:22,11:33:24,28-03-2022 11:33:24,,
RM-19-4,10,20,2,28-03-2022 11:33:40,15,1,11:33:44,28-03-2022 11:33:44,11:33:46,28-03-2022 11:33:46,,,,
RM-19-4,15,20,,28-03-2022 11:34:13,14,1,11:34:20,28-03-2022 11:34:20,11:34:25,28-03-2022 11:34:25,,,,
RM-19-4,15,20,2,28-03-2022 11:35:23,14,1,11:35:27,28-03-2022 11:35:27,,,,,,
RM-4-9,3,20,,29-03-2022 08:26:37,11,1,8:26:42,29-03-2022 08:26:42,,,,,,
RM-4-9,3,20,2,29-03-2022 08:26:57,13,1,8:27:03,29-03-2022 08:27:03,,,,,,
RM-4-9,3,20,,29-03-2022 08:27:17,12,1,8:27:22,29-03-2022 08:27:22,,,,,,
RM-4-9,3,20,2,29-03-2022 08:28:07,12,1,8:28:12,29-03-2022 08:28:12,,,,,,
RM-4-9,5,20,,29-03-2022 08:29:32,10,1,8:29:38,29-03-2022 08:29:38,,,,,,
RM-4-9,5,20,2,29-03-2022 08:29:52,11,1,8:29:56,29-03-2022 08:29:56,,,,,,
RM-4-9,5,20,,29-03-2022 08:30:07,11,1,8:30:12,29-03-2022 08:30:12,,,,,,
RM-4-9,5,20,2,29-03-2022 08:30:27,11,1,8:30:32,29-03-2022 08:30:32,,,,,,
RM-4-9,5,20,,29-03-2022 08:30:47,11,1,8:30:52,29-03-2022 08:30:52,,,,,,
RM-4-9,5,20,2,29-03-2022 08:31:07,11,1,8:31:12,29-03-2022 08:31:12,,,,,,
RM-4-9,10,20,,29-03-2022 08:32:07,14,1,8:32:14,29-03-2022 08:32:14,,,,,,
RM-4-9,10,20,2,29-03-2022 08:32:26,13,1,8:32:30,29-03-2022 08:32:30,,,,,,
RM-4-9,10,20,,29-03-2022 08:32:46,12,1,8:32:50,29-03-2022 08:32:50,,,,,,
RM-4-9,10,20,2,29-03-2022 08:34:27,12,1,8:34:30,29-03-2022 08:34:30,,,,,,
RM-4-9,10,20,,29-03-2022 08:34:46,11,1,8:34:51,29-03-2022 08:34:51,,,,,,
RM-4-9,10,20,2,29-03-2022 08:35:07,12,1,8:35:11,29-03-2022 08:35:11,,,,,,
RM-4-9,12,20,,29-03-2022 08:35:32,10,1,8:35:36,29-03-2022 08:35:36,,,,,,
RM-4-9,12,20,2,29-03-2022 08:35:52,10,1,8:35:56,29-03-2022 08:35:56,,,,,,
RM-4-9,12,20,,29-03-2022 08:36:08,10,1,8:36:12,29-03-2022 08:36:12,,,,,,
RM-4-9,12,20,2,29-03-2022 08:36:27,10,1,8:36:30,29-03-2022 08:36:30,,,,,,
RM-4-9,12,20,,29-03-2022 08:36:46,10,1,8:36:51,29-03-2022 08:36:51,,,,,,
RM-4-9,12,20,2,29-03-2022 08:37:07,10,1,8:37:10,29-03-2022 08:37:10,,,,,,
RM-4-9,15,20,,29-03-2022 08:37:37,10,1,8:37:41,29-03-2022 08:37:41,,,,,,
RM-4-9,15,20,2,29-03-2022 08:37:56,10,1,8:38:01,29-03-2022 08:38:01,,,,,,
RM-4-9,15,20,,29-03-2022 08:38:17,10,1,8:38:22,29-03-2022 08:38:22,,,,,,
RM-4-9,15,20,2,29-03-2022 08:38:38,10,1,8:38:41,29-03-2022 08:38:41,,,,,,
RM-4-9,15,20,,29-03-2022 08:38:57,10,1,8:39:01,29-03-2022 08:39:01,,,,,,
RM-4-9,15,20,2,29-03-2022 08:39:17,10,1,8:39:21,29-03-2022 08:39:21,,,,,,
RM-4-9,20,20,,29-03-2022 08:40:12,14,1,8:40:18,29-03-2022 08:40:18,,,,,,
RM-4-9,20,20,2,29-03-2022 08:40:37,14,1,8:40:43,29-03-2022 08:40:43,,,,,,
RM-4-9,20,20,,29-03-2022 08:41:07,14,1,8:41:13,29-03-2022 08:41:13,,,,,,
RM-4-9,20,20,2,29-03-2022 08:41:37,14,1,8:41:42,29-03-2022 08:41:42,,,,,,
RM-4-9,20,20,,29-03-2022 08:42:07,13,1,8:42:13,29-03-2022 08:42:13,,,,,,
RM-4-9,20,20,2,29-03-2022 08:42:37,13,1,8:42:42,29-03-2022 08:42:42,,,,,,
RM-4-6,3,20,2,29-03-2022 10:13:36,10,1,10:13:41,29-03-2022 10:13:41,,,,,,
RM-4-6,3,20,,29-03-2022 10:13:56,10,1,10:14:01,29-03-2022 10:14:01,,,,,,
RM-4-6,3,20,2,29-03-2022 10:14:16,10,1,10:14:21,29-03-2022 10:14:21,,,,,,
RM-4-6,3,20,,29-03-2022 10:14:36,10,1,10:14:42,29-03-2022 10:14:42,,,,,,
RM-4-6,3,20,2,29-03-2022 10:14:56,10,1,10:15:01,29-03-2022 10:15:01,,,,,,
RM-4-6,5,20,,29-03-2022 10:15:36,11,1,10:15:40,29-03-2022 10:15:40,10:15,29-03-2022 10:15:42,,,,
RM-4-6,5,20,2,29-03-2022 10:15:56,11,1,10:16:01,29-03-2022 10:16:01,10:16:03,29-03-2022 10:16:03,,,,
RM-4-6,5,20,,29-03-2022 10:16:16,11,1,10:16:20,29-03-2022 10:16:20,10:16:22,29-03-2022 10:16:22,,,,
RM-4-6,5,20,2,29-03-2022 10:16:36,11,1,10:16:41,29-03-2022 10:16:41,10:16:43,29-03-2022 10:16:43,,,,
RM-4-6,5,20,,29-03-2022 10:16:56,11,1,10:17:00,29-03-2022 10:17:00,10:17:02,29-03-2022 10:17:02,,,,
RM-4-6,10,20,2,29-03-2022 10:17:08,10,1,10:17:11,29-03-2022 10:17:11,10:17:13,29-03-2022 10:17:13,,,,
RM-4-6,5,20,2,29-03-2022 10:17:16,10,1,10:17:21,29-03-2022 10:17:21,10:17:23,29-03-2022 10:17:23,,,,
RM-4-6,10,20,,29-03-2022 10:17:46,11,1,10:17:51,29-03-2022 10:17:51,10:17:53,29-03-2022 10:17:53,,,,
RM-4-6,10,20,,29-03-2022 10:19:06,11,1,10:19:11,29-03-2022 10:19:11,10:19:13,29-03-2022 10:19:13,,,,
RM-4-6,10,20,2,29-03-2022 10:19:26,11,1,10:19:31,29-03-2022 10:19:31,10:19:34,29-03-2022 10:19:34,,,,
RM-4-6,12,20,2,29-03-2022 10:20:26,11,1,10:20:31,29-03-2022 10:20:31,,,,,,
RM-4-6,12,20,,29-03-2022 10:20:46,11,1,10:20:50,29-03-2022 10:20:50,10:20:52,29-03-2022 10:20:52,,,,
RM-4-6,12,20,2,29-03-2022 10:21:06,11,1,10:21:11,29-03-2022 10:21:11,10:21:14,29-03-2022 10:21:14,,,,
RM-4-6,12,20,,29-03-2022 10:21:26,11,1,10:21:31,29-03-2022 10:21:31,10:21:33,29-03-2022 10:21:33,,,,
RM-4-6,12,20,2,29-03-2022 10:21:46,10,1,10:21:51,29-03-2022 10:21:51,10:21:53,29-03-2022 10:21:53,,,,
RM-4-6,15,20,2,29-03-2022 10:22:36,12,1,10:22:42,29-03-2022 10:22:42,,,,,,
RM-4-6,20,20,,29-03-2022 10:24:56,12,1,10:25:02,29-03-2022 10:25:02,,,,,,
RM-4-6,20,20,2,29-03-2022 10:25:16,11,1,10:25:22,29-03-2022 10:25:22,,,,,,
RM-4-6,20,20,2,29-03-2022 10:25:56,12,1,10:26:02,29-03-2022 10:26:02,,,,,,
RM-4-8,3,20,2,29-03-2022 11:09:28,9,1,11:09:33,29-03-2022 11:09:33,,,,,,
RM-4-8,3,20,,29-03-2022 11:09:49,9,1,11:09:53,29-03-2022 11:09:53,,,,,,
RM-4-8,3,20,2,29-03-2022 11:10:09,10,1,11:10:13,29-03-2022 11:10:13,,,,,,
RM-4-8,3,20,,29-03-2022 11:10:29,10,1,11:10:33,29-03-2022 11:10:33,,,,,,
RM-4-8,3,20,2,29-03-2022 11:10:48,10,1,11:10:53,29-03-2022 11:10:53,,,,,,
RM-4-8,5,20,,29-03-2022 11:11:10,11,1,11:11:14,29-03-2022 11:11:14,11:11:15,29-03-2022 11:11:15,,,,
RM-4-8,5,20,2,29-03-2022 11:11:30,10,1,11:11:33,29-03-2022 11:11:33,11:11:34,29-03-2022 11:11:34,,,,
RM-4-8,5,20,,29-03-2022 11:11:49,10,1,11:11:53,29-03-2022 11:11:53,,,,,,
RM-4-8,5,20,,29-03-2022 11:12:30,10,1,11:12:33,29-03-2022 11:12:33,,,,,,
RM-4-8,5,20,2,29-03-2022 11:12:50,11,1,11:12:53,29-03-2022 11:12:53,,,,,,
RM-4-8,10,20,,29-03-2022 11:13:19,10,1,11:13:23,29-03-2022 11:13:23,11:13:25,29-03-2022 11:13:25,,,,
RM-4-8,10,20,2,29-03-2022 11:13:39,10,1,11:13:43,29-03-2022 11:13:43,11:13:45,29-03-2022 11:13:45,,,,
RM-4-8,10,20,,29-03-2022 11:13:59,10,1,11:14:03,29-03-2022 11:14:03,11:14:05,29-03-2022 11:14:05,,,,
RM-4-8,10,20,,29-03-2022 11:14:39,10,1,11:14:43,29-03-2022 11:14:43,11:14:45,29-03-2022 11:14:45,,,,
RM-4-8,10,20,2,29-03-2022 11:14:59,10,1,11:15:03,29-03-2022 11:15:03,11:15:05,29-03-2022 11:15:05,,,,
RM-4-8,12,20,2,29-03-2022 11:15:49,10,1,11:15:53,29-03-2022 11:15:53,11:15:55,29-03-2022 11:15:55,,,,
RM-4-8,12,20,,29-03-2022 11:16:09,10,1,11:16:13,29-03-2022 11:16:13,11:16:15,29-03-2022 11:16:15,,,,
RM-4-8,12,20,2,29-03-2022 11:16:29,11,1,11:16:34,29-03-2022 11:16:34,,,,,,
RM-4-8,12,20,,29-03-2022 11:16:49,10,1,11:16:53,29-03-2022 11:16:53,11:16:55,29-03-2022 11:16:55,,,,
RM-4-8,12,20,2,29-03-2022 11:17:09,10,1,11:17:12,29-03-2022 11:17:12,11:17:14,29-03-2022 11:17:14,,,,
RM-4-2,3,20,,29-03-2022 11:59:24,10,1,11:59:27,29-03-2022 11:59:27,,,,,,
RM-4-2,3,20,2,29-03-2022 11:59:43,11,1,11:59:49,29-03-2022 11:59:49,,,,,,
RM-4-2,3,20,,29-03-2022 12:00:03,10,1,12:00:06,29-03-2022 12:00:06,,,,,,
RM-4-2,3,20,2,29-03-2022 12:00:23,10,1,12:00:28,29-03-2022 12:00:28,,,,,,
RM-4-2,3,20,2,29-03-2022 12:01:06,10,1,12:01:08,29-03-2022 12:01:08,,,,,,
RM-4-2,5,20,,29-03-2022 12:01:24,10,1,12:01:26,29-03-2022 12:01:26,,,,,,
RM-4-2,5,20,2,29-03-2022 12:01:43,10,1,12:01:48,29-03-2022 12:01:48,,,,,,
RM-4-2,5,20,,29-03-2022 12:02:03,11,1,12:02:07,29-03-2022 12:02:07,,,,,,
RM-4-2,5,20,2,29-03-2022 12:02:21,10,1,12:02:23,29-03-2022 12:02:23,12:02:28,29-03-2022 12:02:28,,,,
RM-4-2,5,20,,29-03-2022 12:02:45,11,1,12:02:48,29-03-2022 12:02:48,,,,,,
RM-4-2,5,20,2,29-03-2022 12:03:03,10,1,12:03:08,29-03-2022 12:03:08,,,,,,
RM-4-2,10,20,,29-03-2022 12:03:20,10,1,12:03:26,29-03-2022 12:03:26,12:03:29,29-03-2022 12:03:29,,,,
RM-4-2,10,20,2,29-03-2022 12:03:43,10,1,12:03:48,29-03-2022 12:03:48,,,,,,
RM-4-2,10,20,,29-03-2022 12:04:00,10,1,12:04:07,29-03-2022 12:04:07,,,,,,
RM-4-2,10,20,2,29-03-2022 12:04:23,10,1,12:04:27,29-03-2022 12:04:27,12:04:29,29-03-2022 12:04:29,,,,
RM-4-2,12,20,,29-03-2022 12:05:43,13,1,12:05:48,29-03-2022 12:05:48,12:05:49,29-03-2022 12:05:49,,,,
RM-4-2,12,20,2,29-03-2022 12:06:03,11,1,12:06:09,29-03-2022 12:06:09,,,,,,
RM-4-2,12,20,,29-03-2022 12:07:03,12,1,12:07:08,29-03-2022 12:07:08,12:07:10,29-03-2022 12:07:10,,,,
RM-4-2,20,20,,29-03-2022 12:11:03,11,1,12:11:08,29-03-2022 12:11:08,,,,,,
RM-4-2,20,20,2,29-03-2022 12:12:03,11,1,12:12:08,29-03-2022 12:12:08,12:12:11,29-03-2022 12:12:11,,,,
RM-16-9,3,20,,30-03-2022 09:02:21,10,1,9:02:25,30-03-2022 09:02:25,,,,,,
RM-16-9,5,20,,30-03-2022 09:02:56,10,1,9:02:59,30-03-2022 09:02:59,,,,,,
RM-16-9,10,20,2,30-03-2022 09:04:56,10,1,9:05:02,30-03-2022 09:05:02,,,,,,
RM-16-9,10,20,,30-03-2022 09:05:16,11,1,9:05:19,30-03-2022 09:05:19,,,,,,
RM-16-9,10,20,2,30-03-2022 09:05:36,10,1,9:05:42,30-03-2022 09:05:42,,,,,,
RM-16-9,12,20,,30-03-2022 09:06:36,12,1,9:06:40,30-03-2022 09:06:40,,,,,,
RM-16-9,15,20,2,30-03-2022 09:08:56,11,1,9:09:04,30-03-2022 09:09:04,,,,,,
RM-16-7,3,20,,30-03-2022 10:50:05,12,1,10:50:11,30-03-2022 10:50:11,,,,,,
RM-16-7,3,20,2,30-03-2022 10:50:25,11,1,10:50:30,30-03-2022 10:50:30,,,,,,
RM-16-7,5,20,,30-03-2022 10:50:55,12,1,10:51:00,30-03-2022 10:51:00,10:51:02,30-03-2022 10:51:02,,,,
RM-16-7,5,20,2,30-03-2022 10:51:15,11,1,10:51:19,30-03-2022 10:51:19,10:51:21,30-03-2022 10:51:21,,,,
RM-16-7,5,20,,30-03-2022 10:51:35,13,1,10:51:41,30-03-2022 10:51:41,10:51:43,30-03-2022 10:51:43,,,,
RM-16-7,5,20,2,30-03-2022 10:51:55,12,1,10:51:59,30-03-2022 10:51:59,10:52:01,30-03-2022 10:52:01,,,,
RM-16-7,5,20,,30-03-2022 10:52:15,13,1,10:52:21,30-03-2022 10:52:21,10:52:23,30-03-2022 10:52:23,,,,
RM-16-7,5,20,2,30-03-2022 10:52:35,12,1,10:52:39,30-03-2022 10:52:39,10:52:41,30-03-2022 10:52:41,,,,
RM-16-7,10,20,,30-03-2022 10:53:15,14,1,10:53:20,30-03-2022 10:53:20,10:53:22,30-03-2022 10:53:22,10:53:24,30-03-2022 10:53:24,10:53:26,30-03-2022 10:53:26
RM-16-7,10,20,2,30-03-2022 10:53:40,13,1,10:53:43,30-03-2022 10:53:43,10:53:46,30-03-2022 10:53:46,10:53:48,30-03-2022 10:53:48,,
RM-16-7,10,20,,30-03-2022 10:54:00,15,1,10:54:06,30-03-2022 10:54:06,10:54:08,30-03-2022 10:54:08,10:54:10,30-03-2022 10:54:10,10:54:12,30-03-2022 10:54:12
RM-16-7,10,20,2,30-03-2022 10:54:25,14,1,10:54:28,30-03-2022 10:54:28,10:54:30,30-03-2022 10:54:30,10:54:33,30-03-2022 10:54:33,,
RM-16-7,10,20,,30-03-2022 10:54:45,14,1,10:54:50,30-03-2022 10:54:50,10:54:52,30-03-2022 10:54:52,10:54:54,30-03-2022 10:54:54,,
RM-16-7,10,20,2,30-03-2022 10:55:06,13,1,10:55:08,30-03-2022 10:55:08,10:55:10,30-03-2022 10:55:10,10:55:12,30-03-2022 10:55:12,,
RM-16-7,12,20,,30-03-2022 10:55:45,13,1,10:55:51,30-03-2022 10:55:51,10:55:53,30-03-2022 10:55:53,10:55:55,30-03-2022 10:55:55,,
RM-16-7,12,20,2,30-03-2022 10:56:05,13,1,10:56:08,30-03-2022 10:56:08,10:56:11,30-03-2022 10:56:11,,,,
RM-16-7,12,20,,30-03-2022 10:56:35,12,1,10:56:41,30-03-2022 10:56:41,10:56:44,30-03-2022 10:56:44,,,,
RM-16-7,12,20,2,30-03-2022 10:56:55,13,1,10:56:58,30-03-2022 10:56:58,10:57:01,30-03-2022 10:57:01,,,,
RM-16-7,12,20,,30-03-2022 10:57:15,13,1,10:57:21,30-03-2022 10:57:21,10:57:24,30-03-2022 10:57:24,,,,
RM-16-7,12,20,2,30-03-2022 10:57:35,12,1,10:57:38,30-03-2022 10:57:38,10:57:41,30-03-2022 10:57:41,,,,
RM-16-7,15,20,,30-03-2022 10:58:25,13,1,10:58:33,30-03-2022 10:58:33,10:58:35,30-03-2022 10:58:35,,,,
RM-16-7,15,20,,30-03-2022 10:59:05,14,1,10:59:10,30-03-2022 10:59:10,10:59:13,30-03-2022 10:59:13,,,,
RM-16-7,15,20,2,30-03-2022 10:59:25,13,1,10:59:31,30-03-2022 10:59:31,,,,,,
RM-16-6,3,20,2,30-03-2022 11:52:36,12,1,11:52:40,30-03-2022 11:52:40,,,,,,
RM-16-6,3,20,,30-03-2022 11:52:54,13,1,11:53:00,30-03-2022 11:53:00,,,,,,
RM-16-6,3,20,2,30-03-2022 11:53:15,13,1,11:53:20,30-03-2022 11:53:20,,,,,,
RM-16-6,3,20,,30-03-2022 11:53:35,13,1,11:53:40,30-03-2022 11:53:40,,,,,,
RM-16-6,3,20,2,30-03-2022 11:53:56,13,1,11:54:00,30-03-2022 11:54:00,,,,,,
RM-16-6,5,20,,30-03-2022 11:54:33,12,1,11:54:39,30-03-2022 11:54:39,11:54:41,30-03-2022 11:54:41,,,,
RM-16-6,5,20,2,30-03-2022 11:54:56,14,1,11:55:00,30-03-2022 11:55:00,,,,,,
RM-16-6,5,20,,30-03-2022 11:55:16,12,1,11:55:20,30-03-2022 11:55:20,,,,,,
RM-16-6,5,20,2,30-03-2022 11:55:33,14,1,11:55:40,30-03-2022 11:55:40,,,,,,
RM-16-6,5,20,,30-03-2022 11:55:51,12,1,11:55:58,30-03-2022 11:55:58,11:56:00,30-03-2022 11:56:00,,,,
RM-16-6,5,20,2,30-03-2022 11:56:15,14,1,11:56:20,30-03-2022 11:56:20,11:56:22,30-03-2022 11:56:22,,,,
RM-16-6,10,20,,30-03-2022 11:56:44,11,1,11:56:47,30-03-2022 11:56:47,11:56:50,30-03-2022 11:56:50,,,,
RM-16-6,10,20,2,30-03-2022 11:57:08,11,1,11:57:12,30-03-2022 11:57:12,,,,,,
RM-16-6,10,20,,30-03-2022 11:57:22,11,1,11:57:28,30-03-2022 11:57:28,11:57:30,30-03-2022 11:57:30,,,,
RM-16-6,10,20,2,30-03-2022 11:57:44,11,1,11:57:49,30-03-2022 11:57:49,,,,,,
RM-16-6,10,20,,30-03-2022 11:58:04,11,1,11:58:08,30-03-2022 11:58:08,11:58:10,30-03-2022 11:58:10,,,,
RM-16-6,10,20,2,30-03-2022 11:58:24,11,1,11:58:28,30-03-2022 11:58:28,11:58:31,30-03-2022 11:58:31,,,,
RM-16-6,12,20,2,30-03-2022 11:59:14,12,1,11:59:18,30-03-2022 11:59:18,11:59:20,30-03-2022 11:59:20,,,,
RM-16-6,12,20,,30-03-2022 11:59:34,11,1,11:59:40,30-03-2022 11:59:40,,,,,,
RM-16-6,12,20,,30-03-2022 11:59:56,11,1,11:59:58,30-03-2022 11:59:58,12:00:00,30-03-2022 12:00:00,,,,
RM-16-6,12,20,2,30-03-2022 11:59:56,11,1,11:59:59,30-03-2022 11:59:59,12:00:01,30-03-2022 12:00:01,,,,
RM-16-6,12,20,,30-03-2022 12:00:16,11,1,12:00:19,30-03-2022 12:00:19,12:00:21,30-03-2022 12:00:21,,,,
RM-16-6,12,20,2,30-03-2022 12:00:34,12,1,12:00:37,30-03-2022 12:00:37,12:00:39,30-03-2022 12:00:39,12:00:42,30-03-2022 12:00:42,,
RM-16-6,15,20,2,30-03-2022 12:01:33,12,1,12:01:37,30-03-2022 12:01:37,12:01:39,30-03-2022 12:01:39,12:01:41,30-03-2022 12:01:41,,
RM-16-6,15,20,,30-03-2022 12:01:55,12,1,12:01:57,30-03-2022 12:01:57,12:02:00,30-03-2022 12:02:00,12:02:02,30-03-2022 12:02:02,,
RM-16-6,15,20,2,30-03-2022 12:02:13,11,1,12:02:16,30-03-2022 12:02:16,12:02:18,30-03-2022 12:02:18,12:02:20,30-03-2022 12:02:20,12:02:22,30-03-2022 12:02:22
RM-16-6,15,20,,30-03-2022 12:02:36,12,1,12:02:38,30-03-2022 12:02:38,,,,,,
RM-16-6,20,20,,30-03-2022 12:03:03,10,1,12:03:07,30-03-2022 12:03:07,12:03:09,30-03-2022 12:03:09,12:03:11,30-03-2022 12:03:11,,
RM-16-6,20,20,2,30-03-2022 12:03:22,11,1,12:03:28,30-03-2022 12:03:28,12:03:30,30-03-2022 12:03:30,,,,
RM-16-6,20,20,,30-03-2022 12:04:04,11,1,12:04:06,30-03-2022 12:04:06,12:04:09,30-03-2022 12:04:09,12:04:11,30-03-2022 12:04:11,,
RM-16-6,20,20,2,30-03-2022 12:04:24,11,1,12:04:26,30-03-2022 12:04:26,12:04:28,30-03-2022 12:04:28,,,,
RM-16-6,20,20,,30-03-2022 12:04:43,11,1,12:04:50,30-03-2022 12:04:50,12:04:52,30-03-2022 12:04:52,,,,
RM-16-1,3,20,,30-03-2022 12:26:27,10,1,12:26:31,30-03-2022 12:26:31,,,,,,
RM-16-1,3,20,2,30-03-2022 12:26:47,10,1,12:26:52,30-03-2022 12:26:52,,,,,,
RM-16-1,3,20,,30-03-2022 12:27:07,11,1,12:27:12,30-03-2022 12:27:12,,,,,,
RM-16-1,3,20,2,30-03-2022 12:27:27,11,1,12:27:32,30-03-2022 12:27:32,,,,,,
RM-16-1,3,20,,30-03-2022 12:27:47,11,1,12:27:51,30-03-2022 12:27:51,,,,,,
RM-16-1,3,20,2,30-03-2022 12:28:07,10,1,12:28:12,30-03-2022 12:28:12,,,,,,
RM-16-1,5,20,,30-03-2022 12:28:27,11,1,12:28:32,30-03-2022 12:28:32,12:28:34,30-03-2022 12:28:34,,,,
RM-16-1,5,20,2,30-03-2022 12:28:47,11,1,12:28:51,30-03-2022 12:28:51,12:28:54,30-03-2022 12:28:54,,,,
RM-16-1,5,20,,30-03-2022 12:29:07,11,1,12:29:12,30-03-2022 12:29:12,12:29:14,30-03-2022 12:29:14,,,,
RM-16-1,5,20,,30-03-2022 12:29:47,11,1,12:29:52,30-03-2022 12:29:52,12:29:54,30-03-2022 12:29:54,,,,
RM-16-1,5,20,2,30-03-2022 12:30:07,11,1,12:30:12,30-03-2022 12:30:12,,,,,,
RM-16-1,10,20,,30-03-2022 12:30:29,11,1,12:30:31,30-03-2022 12:30:31,12:30:33,30-03-2022 12:30:33,,,,
RM-16-1,10,20,2,30-03-2022 12:30:47,11,1,12:30:51,30-03-2022 12:30:51,12:30:53,30-03-2022 12:30:53,,,,
RM-16-1,10,20,,30-03-2022 12:31:07,11,1,12:31:11,30-03-2022 12:31:11,12:31:13,30-03-2022 12:31:13,,,,
RM-16-1,10,20,2,30-03-2022 12:31:27,11,1,12:31:31,30-03-2022 12:31:31,12:31:34,30-03-2022 12:31:34,,,,
RM-16-1,10,20,,30-03-2022 12:31:47,11,1,12:31:51,30-03-2022 12:31:51,12:31:53,30-03-2022 12:31:53,,,,
RM-16-1,10,20,2,30-03-2022 12:32:07,11,1,12:32:11,30-03-2022 12:32:11,12:32:13,30-03-2022 12:32:13,,,,
RM-16-1,12,20,,30-03-2022 12:32:39,11,1,12:32:41,30-03-2022 12:32:41,12:32:43,30-03-2022 12:32:43,12:32:45,30-03-2022 12:32:45,,
RM-16-1,12,20,2,30-03-2022 12:32:57,11,1,12:33:02,30-03-2022 12:33:02,12:33:04,30-03-2022 12:33:04,,,,
RM-16-1,12,20,,30-03-2022 12:33:27,11,1,12:33:31,30-03-2022 12:33:31,12:33:33,30-03-2022 12:33:33,,,,
RM-16-1,12,20,2,30-03-2022 12:33:47,11,1,12:33:51,30-03-2022 12:33:51,12:33:54,30-03-2022 12:33:54,,,,
RM-16-1,12,20,,30-03-2022 12:34:07,12,1,12:34:11,30-03-2022 12:34:11,12:34:13,30-03-2022 12:34:13,12:34:15,30-03-2022 12:34:15,,
RM-16-1,12,20,2,30-03-2022 12:34:27,11,1,12:34:32,30-03-2022 12:34:32,12:34:33,30-03-2022 12:34:33,,,,
RM-16-1,15,20,2,30-03-2022 12:35:07,14,1,12:35:11,30-03-2022 12:35:11,12:35:13,30-03-2022 12:35:13,12:35:18,30-03-2022 12:35:18,,
RM-16-1,15,20,,30-03-2022 12:35:32,11,1,12:35:36,30-03-2022 12:35:36,12:35:38,30-03-2022 12:35:38,12:35:40,30-03-2022 12:35:40,,
RM-16-1,15,20,2,30-03-2022 12:35:52,11,1,12:35:57,30-03-2022 12:35:57,12:35:59,30-03-2022 12:35:59,12:36:00,30-03-2022 12:36:00,,
RM-16-1,15,20,,30-03-2022 12:36:12,12,1,12:36:16,30-03-2022 12:36:16,12:36:18,30-03-2022 12:36:18,12:36:21,30-03-2022 12:36:21,,
RM-16-1,15,20,2,30-03-2022 12:36:32,12,1,12:36:36,30-03-2022 12:36:36,12:36:38,30-03-2022 12:36:38,12:36:40,30-03-2022 12:36:40,,
RM-16-1,20,20,,30-03-2022 12:36:57,14,1,12:37:00,30-03-2022 12:37:00,12:37:02,30-03-2022 12:37:02,,,,
RM-16-1,20,20,2,30-03-2022 12:37:17,11,1,12:37:23,30-03-2022 12:37:23,12:37:25,30-03-2022 12:37:25,12:37:27,30-03-2022 12:37:27,,
RM-16-1,20,20,,30-03-2022 12:38:17,11,1,12:38:20,30-03-2022 12:38:20,12:38:22,30-03-2022 12:38:22,12:38:27,30-03-2022 12:38:27,,
RM-16-7,3,20,,30-03-2022 12:48:40,12,1,12:48:48,30-03-2022 12:48:48,,,,,,
RM-16-7,3,20,2,30-03-2022 12:49:00,11,1,12:49:05,30-03-2022 12:49:05,,,,,,
RM-16-7,3,20,,30-03-2022 12:49:20,12,1,12:49,30-03-2022 12:49:26,,,,,,
RM-16-7,3,20,2,30-03-2022 12:49:45,11,1,12:49:50,30-03-2022 12:49:50,,,,,,
RM-6-8,3,20,,31-03-2022 09:25:52,7.51,1,9:25:55,31-03-2022 09:25:55,,,,,,
RM-6-8,3,20,2,31-03-2022 09:26:09,8.47,1,9:26:13,31-03-2022 09:26:13,,,,,,
RM-6-8,3,20,2,31-03-2022 09:27:05,8.33,1,9:27:10,31-03-2022 09:27:10,,,,,,
RM-6-8,3,20,,31-03-2022 09:27:23,8.01,1,9:27:26,31-03-2022 09:27:26,,,,,,
RM-6-8,3,20,2,31-03-2022 09:27:40,8.54,1,9:27:45,31-03-2022 09:27:45,,,,,,
RM-6-8,5,20,2,31-03-2022 09:28:34,8.72,1,9:28:38,31-03-2022 09:28:38,,,,,,
RM-6-8,5,20,,31-03-2022 09:28:50,8.89,1,9:28:55,31-03-2022 09:28:55,,,,,,
RM-6-8,5,20,2,31-03-2022 09:29:06,8.54,1,9:29:10,31-03-2022 09:29:10,,,,,,
RM-6-8,5,20,,31-03-2022 09:29:21,8.76,1,9:29:26,31-03-2022 09:29:26,,,,,,
RM-6-8,5,20,2,31-03-2022 09:29:36,8.94,1,9:29:41,31-03-2022 09:29:41,,,,,,
RM-6-8,10,20,,31-03-2022 09:29:57,7.76,1,9:30,31-03-2022 09:30:02,9:30:04,31-03-2022 09:30:04,,,,
RM-6-8,10,20,2,31-03-2022 09:30:15,7.73,1,9:30:19,31-03-2022 09:30:19,9:30:21,31-03-2022 09:30:21,,,,
RM-6-8,10,20,,31-03-2022 09:30:31,7.86,1,9:30:35,31-03-2022 09:30:35,9:30:36,31-03-2022 09:30:36,,,,
RM-6-8,10,20,2,31-03-2022 09:30:52,8.29,1,9:30:56,31-03-2022 09:30:56,9:30:58,31-03-2022 09:30:58,,,,
RM-6-8,10,20,,31-03-2022 09:31:08,8.26,1,9:31:12,31-03-2022 09:31:12,9:31:14,31-03-2022 09:31:14,,,,
RM-6-8,10,20,2,31-03-2022 09:31:25,8.76,1,9:31:28,31-03-2022 09:31:28,9:31:30,31-03-2022 09:31:30,,,,
RM-6-8,12,20,,31-03-2022 09:32:00,8.19,1,9:32:04,31-03-2022 09:32:04,9:32:06,31-03-2022 09:32:06,,,,
RM-6-8,12,20,,31-03-2022 09:32:38,10.18,1,9:32:43,31-03-2022 09:32:43,9:32:45,31-03-2022 09:32:45,,,,
RM-6-8,12,20,2,31-03-2022 09:33:01,9.76,1,9:33:07,31-03-2022 09:33:07,9:33:09,31-03-2022 09:33:09,,,,
RM-6-8,12,20,,31-03-2022 09:33:19,9.17,1,9:33:24,31-03-2022 09:33:24,9:33:26,31-03-2022 09:33:26,,,,
RM-6-8,12,20,2,31-03-2022 09:33:37,9.6,1,9:33:43,31-03-2022 09:33:43,9:33:45,31-03-2022 09:33:45,,,,
RM-6-8,15,20,,31-03-2022 09:34:03,9.67,1,9:34:08,31-03-2022 09:34:08,9:34:10,31-03-2022 09:34:10,,,,
RM-6-8,15,20,,31-03-2022 09:34:40,9.94,1,9:34:45,31-03-2022 09:34:45,9:34:47,31-03-2022 09:34:47,,,,
RM-6-8,15,20,2,31-03-2022 09:34:59,10.4,1,9:35:05,31-03-2022 09:35:05,9:35:08,31-03-2022 09:35:08,,,,
RM-6-8,15,20,,31-03-2022 09:35:17,10.69,1,9:35:22,31-03-2022 09:35:22,9:35:24,31-03-2022 09:35:24,,,,
RM-6-9,3,20,,31-03-2022 10:05:07,12.43,1,10:05:16,31-03-2022 10:05:16,,,,,,
RM-6-9,3,20,2,31-03-2022 10:05:39,13.5,1,10:05:46,31-03-2022 10:05:46,,,,,,
RM-6-9,3,20,,31-03-2022 10:06:00,12.15,1,10:06:08,31-03-2022 10:06:08,,,,,,
RM-6-9,3,20,2,31-03-2022 10:06:19,12.92,1,10:06:26,31-03-2022 10:06:26,,,,,,
RM-6-9,3,20,,31-03-2022 10:06:44,11.98,1,10:06:52,31-03-2022 10:06:52,,,,,,
RM-6-9,3,20,2,31-03-2022 10:07:08,12.86,1,10:07:16,31-03-2022 10:07:16,,,,,,
RM-6-9,5,20,,31-03-2022 10:07:38,11.87,1,10:07:45,31-03-2022 10:07:45,,,,,,
RM-6-9,5,20,2,31-03-2022 10:08:09,12.56,1,10:08:15,31-03-2022 10:08:15,,,,,,
RM-6-9,5,20,,31-03-2022 10:08:30,13.12,1,10:08:37,31-03-2022 10:08:37,,,,,,
RM-6-9,5,20,2,31-03-2022 10:08:50,12.44,1,10:08:57,31-03-2022 10:08:57,,,,,,
RM-6-9,5,20,,31-03-2022 10:09:10,12.72,1,10:09:19,31-03-2022 10:09:19,,,,,,
RM-6-9,5,20,2,31-03-2022 10:09:32,12.39,1,10:09:38,31-03-2022 10:09:38,,,,,,
RM-6-9,10,20,,31-03-2022 10:09:55,11.28,1,10:10:03,31-03-2022 10:10:03,,,,,,
RM-6-9,10,20,2,31-03-2022 10:10:15,11.61,1,10:10:21,31-03-2022 10:10:21,,,,,,
RM-6-9,10,20,,31-03-2022 10:10:34,12.48,1,10:10:42,31-03-2022 10:10:42,,,,,,
RM-6-9,10,20,2,31-03-2022 10:10:55,12.6,1,10:11:02,31-03-2022 10:11:02,,,,,,
RM-6-9,10,20,,31-03-2022 10:11:15,12.85,1,10:11:23,31-03-2022 10:11:23,,,,,,
RM-6-9,10,20,2,31-03-2022 10:11:37,12.1,1,10:11:44,31-03-2022 10:11:44,,,,,,
RM-6-9,12,20,,31-03-2022 10:11:59,12.45,1,10:12:07,31-03-2022 10:12:07,,,,,,
RM-6-9,12,20,2,31-03-2022 10:12:21,12.61,1,10:12:28,31-03-2022 10:12:28,,,,,,
RM-6-9,12,20,,31-03-2022 10:12:41,11.5,1,10:12:48,31-03-2022 10:12:48,,,,,,
RM-6-9,12,20,2,31-03-2022 10:13:00,11.98,1,10:13:06,31-03-2022 10:13:06,,,,,,
RM-6-9,12,20,,31-03-2022 10:13:19,12.14,1,10:13:28,31-03-2022 10:13:28,,,,,,
RM-6-9,15,20,,31-03-2022 10:14:05,12.94,1,10:14:14,31-03-2022 10:14:14,,,,,,
RM-6-9,15,20,2,31-03-2022 10:14:28,14.05,1,10:14:37,31-03-2022 10:14:37,,,,,,
RM-6-9,15,20,,31-03-2022 10:14:51,12.74,1,10:15:00,31-03-2022 10:15:00,,,,,,
RM-6-9,15,20,2,31-03-2022 10:15:14,14.49,1,10:15:22,31-03-2022 10:15:22,,,,,,
RM-6-9,15,20,,31-03-2022 10:15:38,14.36,1,10:15:47,31-03-2022 10:15:47,,,,,,
RM-6-9,15,20,2,31-03-2022 10:16:00,14.31,1,10:16:08,31-03-2022 10:16:08,,,,,,
RM-6-9,20,20,2,31-03-2022 10:17:33,12.89,1,10:17:42,31-03-2022 10:17:42,,,,,,
RM-6-9,20,20,,31-03-2022 10:18:19,12.87,1,10:18:28,31-03-2022 10:18:28,,,,,,
RM-6-7,3,20,,31-03-2022 11:24:33,10.13,1,11:24:40,31-03-2022 11:24:40,,,,,,
RM-6-7,3,20,2,31-03-2022 11:24:59,11.8,1,11:25:03,31-03-2022 11:25:03,,,,,,
RM-6-7,3,20,,31-03-2022 11:25:16,11.53,1,11:25:22,31-03-2022 11:25:22,,,,,,
RM-6-7,3,20,2,31-03-2022 11:25:35,11.45,1,11:25:40,31-03-2022 11:25:40,,,,,,
RM-6-7,5,20,,31-03-2022 11:26:37,10.61,1,11:26:44,31-03-2022 11:26:44,,,,,,
RM-6-7,5,20,2,31-03-2022 11:27:24,10.89,1,11:27:32,31-03-2022 11:27:32,,,,,,
RM-6-7,5,20,,31-03-2022 11:27:45,10.66,1,11:27:52,31-03-2022 11:27:52,,,,,,
RM-6-7,5,20,2,31-03-2022 11:28:07,10.98,1,11:28:10,31-03-2022 11:28:10,11:28:12,31-03-2022 11:28:12,,,,
RM-6-7,5,20,,31-03-2022 11:28:26,10.56,1,11:28:30,31-03-2022 11:28:30,,,,,,
RM-6-7,5,20,2,31-03-2022 11:28:42,10.65,1,11:28:50,31-03-2022 11:28:50,,,,,,
RM-6-7,10,20,,31-03-2022 11:29:03,10.48,1,11:29:07,31-03-2022 11:29:07,11:29:09,31-03-2022 11:29:09,,,,
RM-6-7,10,20,2,31-03-2022 11:29:21,10.89,1,11:29:28,31-03-2022 11:29:28,11:29:30,31-03-2022 11:29:30,,,,
RM-6-7,10,20,,31-03-2022 11:29:40,10.85,1,11:29:46,31-03-2022 11:29:46,11:29:48,31-03-2022 11:29:48,,,,
RM-6-7,10,20,2,31-03-2022 11:29:58,11.58,1,11:30:04,31-03-2022 11:30:04,11:30:06,31-03-2022 11:30:06,,,,
RM-6-7,10,20,,31-03-2022 11:30:18,11.62,1,11:30:25,31-03-2022 11:30:25,11:30:27,31-03-2022 11:30:27,,,,
RM-6-7,10,20,2,31-03-2022 11:30:38,11.63,1,11:30:43,31-03-2022 11:30:43,11:30:45,31-03-2022 11:30:45,,,,
RM-6-7,12,20,,31-03-2022 11:31:05,10.29,1,11:31:09,31-03-2022 11:31:09,11:31:11,31-03-2022 11:31:11,,,,
RM-6-7,12,20,2,31-03-2022 11:31:24,11.05,1,11:31:28,31-03-2022 11:31:28,11:31:31,31-03-2022 11:31:31,11:31:33,31-03-2022 11:31:33,,
RM-6-7,12,20,,31-03-2022 11:31:45,11.28,1,11:31:47,31-03-2022 11:31:47,11:31:49,31-03-2022 11:31:49,11:31:51,31-03-2022 11:31:51,,
RM-6-7,12,20,2,31-03-2022 11:32:02,11.57,1,11:32:06,31-03-2022 11:32:06,11:32:08,31-03-2022 11:32:08,11:32:10,31-03-2022 11:32:10,,
RM-6-7,12,20,,31-03-2022 11:32:22,11.68,1,11:32:25,31-03-2022 11:32:25,11:32:27,31-03-2022 11:32:27,11:32:29,31-03-2022 11:32:29,,
RM-6-7,12,20,2,31-03-2022 11:32:40,11.24,1,11:32:44,31-03-2022 11:32:44,11:32:46,31-03-2022 11:32:46,11:32:48,31-03-2022 11:32:48,,
RM-6-7,15,20,,31-03-2022 11:33:00,10.29,1,11:33:04,31-03-2022 11:33:04,11:33:07,31-03-2022 11:33:07,11:33:09,31-03-2022 11:33:09,,
RM-6-7,15,20,2,31-03-2022 11:33:24,10.68,1,11:33:29,31-03-2022 11:33:29,11:33:31,31-03-2022 11:33:31,11:33:34,31-03-2022 11:33:34,,
RM-6-7,15,20,,31-03-2022 11:33:43,10.14,1,11:33:47,31-03-2022 11:33:47,11:33:49,31-03-2022 11:33:49,,,,
RM-6-7,15,20,2,31-03-2022 11:33:58,10.49,1,11:34:03,31-03-2022 11:34:03,11:34:05,31-03-2022 11:34:05,11:34:08,31-03-2022 11:34:08,,
RM-6-7,15,20,,31-03-2022 11:34:19,10.1,1,11:34:23,31-03-2022 11:34:23,11:34:25,31-03-2022 11:34:25,,,,
RM-6-7,15,20,2,31-03-2022 11:34:40,11.15,1,11:34:43,31-03-2022 11:34:43,11:34:48,31-03-2022 11:34:48,11:34:50,31-03-2022 11:34:50,,
RM-6-7,20,20,,31-03-2022 11:35:00,9.55,1,11:35:05,31-03-2022 11:35:05,11:35:07,31-03-2022 11:35:07,11:35:09,31-03-2022 11:35:09,,
RM-6-7,20,20,2,31-03-2022 11:35:19,9.54,1,11:35:23,31-03-2022 11:35:23,11:35:25,31-03-2022 11:35:25,,,,
RM-6-7,20,20,2,31-03-2022 11:35:53,10.4,1,11:35:59,31-03-2022 11:35:59,11:36:02,31-03-2022 11:36:02,,,,
RM-6-7,20,20,,31-03-2022 11:36:12,10.3,1,11:36:17,31-03-2022 11:36:17,11:36:19,31-03-2022 11:36:19,,,,
RM-6-7,20,20,2,31-03-2022 11:36:31,11.11,1,11:36:36,31-03-2022 11:36:36,11:36:38,31-03-2022 11:36:38,,,,
RM-6-1,20,20,2,31-03-2022 12:38:37,11,1,12:38:39,31-03-2022 12:38:39,12:38:43,31-03-2022 12:38:43,,,,
RM-6-1,3,20,,31-03-2022 22:47:11,8.57,1,22:47:16,31-03-2022 22:47:16,,,,,,
RM-6-1,3,20,2,31-03-2022 22:47:33,10.62,1,22:47:37,31-03-2022 22:47:37,,,,,,
RM-6-1,3,20,,31-03-2022 22:47:48,10.42,1,22:47:53,31-03-2022 22:47:53,,,,,,
RM-6-1,3,20,2,31-03-2022 22:48:05,11.51,1,22:48:12,31-03-2022 22:48:12,,,,,,
RM-6-1,3,20,,31-03-2022 22:48:25,10.29,1,22:48:29,31-03-2022 22:48:29,,,,,,
RM-6-1,3,20,2,31-03-2022 22:48:43,10.58,1,22:48:49,31-03-2022 22:48:49,,,,,,
RM-6-1,5,20,,31-03-2022 22:49:00,11.93,1,22:49:08,31-03-2022 22:49:08,,,,,,
RM-6-1,5,20,2,31-03-2022 22:49:23,11.78,1,22:49:28,31-03-2022 22:49:28,22:49:30,31-03-2022 22:49:30,,,,
RM-6-1,5,20,,31-03-2022 22:49:41,12.15,1,22:49:47,31-03-2022 22:49:47,22:49:49,31-03-2022 22:49:49,,,,
RM-6-1,5,20,2,31-03-2022 22:50:03,11.69,1,22:50:08,31-03-2022 22:50:08,22:50:09,31-03-2022 22:50:09,,,,
RM-6-1,5,20,,31-03-2022 22:50:21,11.54,1,22:50:28,31-03-2022 22:50:28,,,,,,
RM-6-1,5,20,2,31-03-2022 22:50:40,11.25,1,22:50:47,31-03-2022 22:50:47,,,,,,
RM-6-1,10,20,,31-03-2022 22:51:03,11.74,1,22:51:09,31-03-2022 22:51:09,22:51:11,31-03-2022 22:51:11,,,,
RM-6-1,10,20,2,31-03-2022 22:51:24,12.05,1,22:51:29,31-03-2022 22:51:29,22:51:31,31-03-2022 22:51:31,22:51:33,31-03-2022 22:51:33,,
RM-6-1,10,20,,31-03-2022 22:51:44,12.47,1,22:51:52,31-03-2022 22:51:52,,,,,,
RM-6-1,10,20,2,31-03-2022 22:52:03,12.93,1,22:52:08,31-03-2022 22:52:08,22:52:10,31-03-2022 22:52:10,22:52:12,31-03-2022 22:52:12,,
RM-6-1,10,20,,31-03-2022 22:52:25,12.79,1,22:52:31,31-03-2022 22:52:31,22:52:33,31-03-2022 22:52:33,22:52:35,31-03-2022 22:52:35,,
RM-6-1,10,20,2,31-03-2022 22:52:47,11.99,1,22:52:51,31-03-2022 22:52:51,22:52:54,31-03-2022 22:52:54,,,,
RM-6-1,12,20,,31-03-2022 22:53:17,12.93,1,22:53:22,31-03-2022 22:53:22,22:53:24,31-03-2022 22:53:24,,,,
RM-6-1,12,20,2,31-03-2022 22:53:37,13.2,1,22:53:41,31-03-2022 22:53:41,22:53:43,31-03-2022 22:53:43,22:53:45,31-03-2022 22:53:45,,
RM-6-1,12,20,,31-03-2022 22:53:55,13.75,1,22:54:06,31-03-2022 22:54:06,,,,,,
RM-6-1,12,20,2,31-03-2022 22:54:18,14.05,1,22:54:22,31-03-2022 22:54:22,22:54:26,31-03-2022 22:54:26,,,,
RM-6-1,12,20,,31-03-2022 22:54:38,13.7,1,22:54:42,31-03-2022 22:54:42,22:54:44,31-03-2022 22:54:44,22:54:46,31-03-2022 22:54:46,,
RM-6-1,12,20,2,31-03-2022 22:54:57,12.76,1,22:55:02,31-03-2022 22:55:02,22:55:04,31-03-2022 22:55:04,,,,
RM-6-1,15,20,,31-03-2022 22:55:21,16.12,1,22:55:26,31-03-2022 22:55:26,,,,,,
RM-6-1,15,20,2,31-03-2022 22:55:53,16.02,1,22:56:02,31-03-2022 22:56:02,,,,,,
RM-6-1,15,20,,31-03-2022 22:56:17,15.94,1,22:56:22,31-03-2022 22:56:22,22:56:24,31-03-2022 22:56:24,22:56:26,31-03-2022 22:56:26,,
RM-6-1,15,20,2,31-03-2022 22:56:38,15.77,1,22:56:46,31-03-2022 22:56:46,22:56:48,31-03-2022 22:56:48,,,,
RM-6-1,15,20,,31-03-2022 22:57:02,15.71,1,22:57:06,31-03-2022 22:57:06,22:57:08,31-03-2022 22:57:08,22:57:10,31-03-2022 22:57:10,,
RM-6-1,15,20,2,31-03-2022 22:58:08,16.01,1,22:58:18,31-03-2022 22:58:18,,,,,,
RM-6-1,20,20,,31-03-2022 22:59:01,15.57,1,22:59:07,31-03-2022 22:59:07,22:59:10,31-03-2022 22:59:10,,,,
RM-6-1,20,20,2,31-03-2022 22:59:26,14.57,1,22:59:29,31-03-2022 22:59:29,22:59:33,31-03-2022 22:59:33,22:59:37,31-03-2022 22:59:37,,
RM-6-1,20,20,,31-03-2022 22:59:48,16.89,1,22:59:54,31-03-2022 22:59:54,22:59:57,31-03-2022 22:59:57,,,,
RM-6-1,20,20,2,31-03-2022 23:00:15,16.7,1,23:00:21,31-03-2022 23:00:21,23:00:24,31-03-2022 23:00:24,,,,
RM-6-1,20,20,,31-03-2022 23:01:02,15.5,1,23:01:08,31-03-2022 23:01:08,,,,,,
,,,,,,,,,,,,,,
,,,,,,,,,,,,,,
,,,,,,,,,,,,,,
,,,,,,,,,,,,,,
,,,,,,,,,,,,,,
,,,,,,,,,,,,,,
,,,,,,,,,,,,,,
,,,,,,,,,,,,,,
,,,,,,,,,,,,,,
,,,,,,,,,,,,,,
,,,,,,,,,,,,,,
,,,,,,,,,,,,,,
,,,,,,,,,,,,,,
,,,,,,,,,,,,,,
,,,,,,,,,,,,,,
,,,,,,,,,,,,,,
,,,,,,,,,,,,,,
,,,,,,,,,,,,,,
,,,,,,,,,,,,,,
,,,,,,,,,,,,,,
,,,,,,,,,,,,,,
,,,,,,,,,,,,,,
,,,,,,,,,,,,,,
,,,,,,,,,,,,,,
,,,,,,,,,,,,,,
,,,,,,,,,,,,,,
,,,,,,,,,,,,,,
,,,,,,,,,,,,,,
,,,,,,,,,,,,,,
,,,,,,,,,,,,,,
,,,,,,,,,,,,,,
,,,,,,,,,,,,,,
,,,,,,,,,,,,,,
,,,,,,,,,,,,,,
,,,,,,,,,,,,,,
,,,,,,,,,,,,,,
,,,,,,,,,,,,,,
,,,,,,,,,,,,,,
,,,,,,,,,,,,,,
,,,,,,,,,,,,,,
,,,,,,,,,,,,,,
,,,,,,,,,,,,,,
,,,,,,,,,,,,,,
,,,,,,,,,,,,,,
,,,,,,,,,,,,,,
,,,,,,,,,,,,,,
RM-14-8,5,20,2,,15.09,1,,,,,,,,
RM-14-8,10,20,,,6.51,1,,,,,,,,
RM-14-8,10,20,2,,5.91,1,,,,,,,,
RM-14-8,10,20,,,6.18,1,,,,,,,,
RM-14-8,10,20,2,,6.13,1,,,,,,,,
RM-14-8,10,20,,,5.92,1,,,,,,,,
RM-14-8,10,20,2,,6.06,1,,,,,,,,
RM-14-8,12,20,,,,0,,,,,,,,
RM-14-8,12,20,2,,,0,,,,,,,,
RM-14-8,12,20,,,,0,,,,,,,,
RM-14-8,12,20,2,,,0,,,,,,,,
RM-14-8,12,20,,,,0,,,,,,,,
RM-14-8,12,20,2,,,0,,,,,,,,
RM-14-8,15,20,,,,0,,,,,,,,
RM-14-8,15,20,2,,,0,,,,,,,,
RM-14-8,15,20,,,,0,,,,,,,,
RM-14-8,15,20,2,,,0,,,,,,,,
RM-14-8,15,20,,,,0,,,,,,,,
RM-14-8,15,20,2,,,0,,,,,,,,
RM-14-8,20,20,,,,0,,,,,,,,
RM-14-8,20,20,2,,,0,,,,,,,,
RM-14-8,20,20,,,,0,,,,,,,,
RM-14-8,20,20,2,,,0,,,,,,,,
RM-14-8,20,20,,,,0,,,,,,,,
RM-14-8,20,20,2,,,0,,,,,,,,
RM-19-4,3,20,,,10,1,11:24:03,28-03-2022 11:24:03,,,,,,
RM-19-4,3,20,2,,10,1,11:24:22,28-03-2022 11:24:22,,,,,,
RM-19-4,3,20,2,,11,1,11:24:58,28-03-2022 11:24:58,,,,,,
RM-19-4,3,20,2,,11,1,11:25:33,28-03-2022 11:25:33,,,,,,
RM-19-4,5,20,2,,14,1,11:27:03,28-03-2022 11:27:03,,,,,,
RM-19-4,5,20,,,13,1,11:27:25,28-03-2022 11:27:25,,,,,,
RM-19-4,10,20,,,15,1,11:32:30,28-03-2022 11:32:30,,,,,,
RM-19-4,12,20,,,13,1,11:29:15,28-03-2022 11:29:15,,,,,,
RM-19-4,12,20,2,,13,1,11:29:32,28-03-2022 11:29:32,,,,,,
RM-19-4,12,20,,,14,1,11:29:55,28-03-2022 11:29:55,,,,,,
RM-19-4,15,20,,,14,0,,,,,,,,
RM-19-4,15,20,2,,10,0,,,,,,,,
RM-19-4,15,20,,,10,0,,,,,,,,
RM-19-4,15,20,2,,13,0,,,,,,,,
RM-19-4,20,20,,,12,0,,,,,,,,
RM-19-4,20,20,2,,13,0,,,,,,,,
RM-19-4,20,20,,,14,0,,,,,,,,
RM-19-4,20,20,2,,14,0,,,,,,,,
RM-19-4,20,20,,,14,0,,,,,,,,
RM-19-4,20,20,2,,13,0,,,,,,,,
RM-19-6,3,20,,,10,1,10:47:13,28-03-2022 10:47:13,,,,,,
RM-19-6,3,20,,,9,1,10:47:52,28-03-2022 10:47:52,,,,,,
RM-19-6,5,20,,,9,1,10:50:32,28-03-2022 10:50:32,10:50:34,28-03-2022 10:50:34,,,,
RM-19-6,5,20,,,10,1,10:51:04,28-03-2022 10:51:04,,,,,,
RM-19-6,12,20,,,13,1,10:53:26,28-03-2022 10:53:26,,,,,,
RM-19-6,15,20,,,10,1,10:56:47,28-03-2022 10:56:47,,,,,,
RM-19-6,15,20,2,,10,1,10:57:03,28-03-2022 10:57:03,,,,,,
RM-19-6,20,20,,,10,0,,,,,,,,
RM-19-6,20,20,2,,11,0,,,,,,,,
RM-19-6,20,20,,,11,0,,,,,,,,
RM-19-6,20,20,2,,10,0,,,,,,,,
RM-19-6,20,20,,,11,0,,,,,,,,
RM-19-6,20,20,2,,10,0,,,,,,,,
RM-19-9,5,20,,,11,0,,,,,,,,
RM-19-9,5,20,2,,10,0,,,,,,,,
RM-19-9,20,20,,,13,0,,,,,,,,
RM-19-9,20,20,2,,12,0,,,,,,,,
RM-19-9,20,20,,,12,0,,,,,,,,
RM-19-9,20,20,2,,12,0,,,,,,,,
RM-19-9,20,20,,,12,0,,,,,,,,
RM-19-9,20,20,2,,12,0,,,,,,,,
RM-4-2,3,20,,,10,1,12:00:46,29-03-2022 12:00:46,,,,,,
RM-4-2,10,20,,,11,1,12:03:29,29-03-2022 12:03:29,,,,,,
RM-4-2,10,20,2,,10,0,,,,,,,,
RM-4-2,12,20,2,,12,0,,,,,,,,
RM-4-2,12,20,,,13,0,,,,,,,,
RM-4-2,12,20,2,,11,0,,,,,,,,
RM-4-2,15,20,,,12,0,,,,,,,,
RM-4-2,15,20,2,,11,0,,,,,,,,
RM-4-2,15,20,,,14,0,,,,,,,,
RM-4-2,15,20,2,,11,0,,,,,,,,
RM-4-2,15,20,,,14,0,,,,,,,,
RM-4-2,15,20,2,,11,0,,,,,,,,
RM-4-2,20,20,,,11,0,,,,,,,,
RM-4-2,20,20,2,,11,0,,,,,,,,
RM-4-2,20,20,,,10,0,,,,,,,,
RM-4-2,20,20,2,,10,0,,,,,,,,
RM-4-6,3,20,,,10,1,10:13:21,29-03-2022 10:13:21,,,,,,
RM-4-6,10,20,,,11,1,10:18:32,29-03-2022 10:18:32,,,,,,
RM-4-6,10,20,2,,11,1,10:18:51,29-03-2022 10:18:51,,,,,,
RM-4-6,12,20,,,11,1,10:20:30,29-03-2022 10:20:30,,,,,,
RM-4-6,15,20,,,12,0,,,,,,,,
RM-4-6,15,20,,,13,0,,,,,,,,
RM-4-6,15,20,2,,12,0,,,,,,,,
RM-4-6,15,20,,,12,0,,,,,,,,
RM-4-6,15,20,2,,11,0,,,,,,,,
RM-4-6,20,20,,,12,0,,,,,,,,
RM-4-6,20,20,,,12,0,,,,,,,,
RM-4-6,20,20,2,,12,0,,,,,,,,
RM-4-8,3,20,,,9,1,11:09:13,29-03-2022 11:09:13,,,,,,
RM-4-8,5,20,2,,10,1,11:12:13,29-03-2022 11:12:13,,,,,,
RM-4-8,10,20,2,,10,1,11:14:22,29-03-2022 11:14:22,,,,,,
RM-4-8,12,20,,,10,1,11:15:33,29-03-2022 11:15:33,,,,,,
RM-4-8,15,20,,,11,0,,,,,,,,
RM-4-8,15,20,2,,11,0,,,,,,,,
RM-4-8,15,20,,,11,0,,,,,,,,
RM-4-8,15,20,2,,11,0,,,,,,,,
RM-4-8,15,20,,,11,0,,,,,,,,
RM-4-8,15,20,2,,11,0,,,,,,,,
RM-4-8,20,20,,,11,0,,,,,,,,
RM-4-8,20,20,2,,12,0,,,,,,,,
RM-4-8,20,20,,,11,0,,,,,,,,
RM-4-8,20,20,2,,11,0,,,,,,,,
RM-4-8,20,20,,,11,0,,,,,,,,
RM-4-8,20,20,2,,11,0,,,,,,,,
RM-4-9,3,20,,,11,0,,,,,,,,
RM-4-9,3,20,2,,12,0,,,,,,,,
RM-6-1,20,20,2,,15.06,0,,,,,,,,
RM-6-7,3,20,,,11.65,1,11:25:59,31-03-2022 11:25:59,,,,,,
RM-6-7,3,20,2,,12.81,0,,,,,,,,
RM-6-7,20,20,,,10.65,0,,,,,,,,
RM-6-8,3,20,,,8.1,1,9:26:36,31-03-2022 09:26:36,,,,,,
RM-6-8,5,20,,,7.82,1,9:28:24,31-03-2022 09:28:24,,,,,,
RM-6-8,12,20,2,,8.67,1,9:32:25,31-03-2022 09:32:25,,,,,,
RM-6-8,15,20,2,,9.59,1,9:34:27,31-03-2022 09:34:27,,,,,,
RM-6-8,15,20,2,,10.26,1,9:35:42,31-03-2022 09:35:42,,,,,,
RM-6-8,20,20,,,9.54,0,,,,,,,,
RM-6-8,20,20,2,,10.3,0,,,,,,,,
RM-6-8,20,20,,,10.24,0,,,,,,,,
RM-6-8,20,20,2,,10.05,0,,,,,,,,
RM-6-8,20,20,,,9.99,0,,,,,,,,
RM-6-8,20,20,2,,11.04,0,,,,,,,,
RM-6-9,12,20,2,,11.35,1,10:13:46,31-03-2022 10:13:46,,,,,,
RM-6-9,20,20,,,11.54,1,10:16:59,31-03-2022 10:16:59,,,,,,
RM-6-9,20,20,2,,12.95,0,,,,,,,,
RM-6-9,20,20,,,12.3,0,,,,,,,,
RM-6-9,20,20,2,,12.5,0,,,,,,,,